sample_id,seed,ticket_id,service_type,waiting_time_min,resolved_under_10_min
sample_1,708,T0001,standard,20.41,False
sample_1,708,T0002,priority,1.88,True
sample_1,708,T0003,priority,3.08,True
sample_1,708,T0004,standard,24.02,False
sample_1,708,T0005,standard,8.76,True
sample_1,708,T0006,standard,8.79,True
sample_1,708,T0007,standard,1.7,True
sample_1,708,T0008,standard,6.78,True
sample_1,708,T0009,standard,5.58,True
sample_1,708,T0010,priority,13.03,False
sample_1,708,T0011,priority,4.8,True
sample_1,708,T0012,priority,2.36,True
sample_1,708,T0013,priority,5.74,True
sample_1,708,T0014,standard,15.81,False
sample_1,708,T0015,priority,6.92,True
sample_1,708,T0016,priority,3.6,True
sample_1,708,T0017,standard,27.26,False
sample_1,708,T0018,standard,9.49,True
sample_1,708,T0019,standard,17.77,False
sample_1,708,T0020,priority,3.79,True
sample_1,708,T0021,standard,12.49,False
sample_1,708,T0022,priority,4.32,True
sample_1,708,T0023,standard,12.26,False
sample_1,708,T0024,standard,15.63,False
sample_1,708,T0025,standard,6.7,True
sample_1,708,T0026,standard,23.74,False
sample_1,708,T0027,standard,7.07,True
sample_1,708,T0028,standard,21.63,False
sample_1,708,T0029,standard,27.55,False
sample_1,708,T0030,standard,4.62,True
sample_1,708,T0031,priority,3.22,True
sample_1,708,T0032,standard,15.36,False
sample_1,708,T0033,priority,5.65,True
sample_1,708,T0034,standard,19.43,False
sample_1,708,T0035,standard,37.44,False
sample_1,708,T0036,priority,8.32,True
sample_1,708,T0037,priority,2.4,True
sample_1,708,T0038,priority,2.64,True
sample_1,708,T0039,standard,18.43,False
sample_1,708,T0040,standard,2.92,True
sample_1,708,T0041,standard,25.33,False
sample_1,708,T0042,standard,4.12,True
sample_1,708,T0043,standard,22.8,False
sample_1,708,T0044,standard,18.54,False
sample_1,708,T0045,standard,6.14,True
sample_1,708,T0046,standard,16.97,False
sample_1,708,T0047,priority,6.49,True
sample_1,708,T0048,standard,32.74,False
sample_1,708,T0049,standard,21.01,False
sample_1,708,T0050,priority,2.18,True
sample_1,708,T0051,priority,7.23,True
sample_1,708,T0052,standard,0.92,True
sample_1,708,T0053,standard,9.6,True
sample_1,708,T0054,standard,4.45,True
sample_1,708,T0055,standard,9.06,True
sample_1,708,T0056,priority,2.83,True
sample_1,708,T0057,standard,10.16,False
sample_1,708,T0058,standard,15.47,False
sample_1,708,T0059,priority,7.66,True
sample_1,708,T0060,priority,2.3,True
sample_1,708,T0061,priority,12.34,False
sample_1,708,T0062,priority,6.55,True
sample_1,708,T0063,standard,8.88,True
sample_1,708,T0064,standard,5.1,True
sample_1,708,T0065,standard,19.57,False
sample_1,708,T0066,standard,8.44,True
sample_1,708,T0067,standard,24.32,False
sample_1,708,T0068,standard,1.49,True
sample_1,708,T0069,standard,39.75,False
sample_1,708,T0070,standard,11.91,False
sample_1,708,T0071,standard,11.86,False
sample_1,708,T0072,priority,6.37,True
sample_1,708,T0073,priority,1.15,True
sample_1,708,T0074,standard,16.94,False
sample_1,708,T0075,priority,7.89,True
sample_1,708,T0076,priority,10.49,False
sample_1,708,T0077,priority,8.73,True
sample_1,708,T0078,standard,2.1,True
sample_1,708,T0079,standard,18.5,False
sample_1,708,T0080,standard,25.0,False
sample_1,708,T0081,priority,8.6,True
sample_1,708,T0082,standard,4.44,True
sample_1,708,T0083,priority,6.28,True
sample_1,708,T0084,standard,5.35,True
sample_1,708,T0085,priority,3.47,True
sample_1,708,T0086,priority,1.5,True
sample_1,708,T0087,standard,5.46,True
sample_1,708,T0088,standard,6.87,True
sample_1,708,T0089,priority,9.79,True
sample_1,708,T0090,standard,6.29,True
sample_1,708,T0091,standard,20.34,False
sample_1,708,T0092,standard,17.37,False
sample_1,708,T0093,standard,3.51,True
sample_1,708,T0094,standard,11.71,False
sample_1,708,T0095,standard,9.3,True
sample_1,708,T0096,standard,3.26,True
sample_1,708,T0097,priority,3.07,True
sample_1,708,T0098,standard,13.95,False
sample_1,708,T0099,standard,10.2,False
sample_1,708,T0100,priority,11.48,False
sample_1,708,T0101,standard,24.29,False
sample_1,708,T0102,standard,16.47,False
sample_1,708,T0103,standard,14.55,False
sample_1,708,T0104,standard,0.86,True
sample_1,708,T0105,standard,0.65,True
sample_1,708,T0106,standard,14.87,False
sample_1,708,T0107,standard,47.82,False
sample_1,708,T0108,priority,4.85,True
sample_1,708,T0109,priority,4.47,True
sample_1,708,T0110,standard,24.04,False
sample_1,708,T0111,standard,7.08,True
sample_1,708,T0112,priority,6.43,True
sample_1,708,T0113,standard,4.59,True
sample_1,708,T0114,priority,5.6,True
sample_1,708,T0115,standard,6.13,True
sample_1,708,T0116,standard,2.17,True
sample_1,708,T0117,priority,14.62,False
sample_1,708,T0118,priority,4.92,True
sample_1,708,T0119,standard,24.62,False
sample_1,708,T0120,standard,21.45,False
sample_1,708,T0121,standard,19.42,False
sample_1,708,T0122,standard,3.77,True
sample_1,708,T0123,priority,2.37,True
sample_1,708,T0124,standard,11.32,False
sample_1,708,T0125,standard,14.88,False
sample_1,708,T0126,standard,12.68,False
sample_1,708,T0127,standard,12.31,False
sample_1,708,T0128,standard,18.19,False
sample_1,708,T0129,priority,10.23,False
sample_1,708,T0130,standard,17.65,False
sample_1,708,T0131,standard,19.35,False
sample_1,708,T0132,priority,2.65,True
sample_1,708,T0133,standard,6.69,True
sample_1,708,T0134,standard,12.72,False
sample_1,708,T0135,standard,15.72,False
sample_1,708,T0136,standard,18.93,False
sample_1,708,T0137,standard,9.12,True
sample_1,708,T0138,standard,6.76,True
sample_1,708,T0139,priority,2.51,True
sample_1,708,T0140,priority,7.09,True
sample_1,708,T0141,standard,3.07,True
sample_1,708,T0142,standard,23.48,False
sample_1,708,T0143,priority,5.26,True
sample_1,708,T0144,standard,4.5,True
sample_1,708,T0145,priority,2.46,True
sample_1,708,T0146,standard,9.38,True
sample_1,708,T0147,priority,3.58,True
sample_1,708,T0148,priority,10.09,False
sample_1,708,T0149,standard,13.09,False
sample_1,708,T0150,priority,6.53,True
sample_1,708,T0151,priority,2.5,True
sample_1,708,T0152,standard,2.22,True
sample_1,708,T0153,standard,27.13,False
sample_1,708,T0154,standard,22.52,False
sample_1,708,T0155,standard,12.22,False
sample_1,708,T0156,priority,7.33,True
sample_1,708,T0157,standard,25.26,False
sample_1,708,T0158,priority,5.34,True
sample_1,708,T0159,priority,5.38,True
sample_1,708,T0160,standard,15.87,False
sample_1,708,T0161,standard,6.41,True
sample_1,708,T0162,standard,6.33,True
sample_1,708,T0163,standard,5.26,True
sample_1,708,T0164,standard,17.48,False
sample_1,708,T0165,standard,19.91,False
sample_1,708,T0166,standard,18.28,False
sample_1,708,T0167,standard,5.53,True
sample_1,708,T0168,priority,8.06,True
sample_1,708,T0169,priority,2.02,True
sample_1,708,T0170,priority,13.38,False
sample_1,708,T0171,standard,9.21,True
sample_1,708,T0172,standard,18.47,False
sample_1,708,T0173,standard,20.2,False
sample_1,708,T0174,standard,16.13,False
sample_1,708,T0175,standard,14.07,False
sample_1,708,T0176,standard,18.21,False
sample_1,708,T0177,priority,8.1,True
sample_1,708,T0178,standard,4.29,True
sample_1,708,T0179,standard,26.16,False
sample_1,708,T0180,standard,7.76,True
sample_1,708,T0181,standard,20.68,False
sample_1,708,T0182,standard,10.97,False
sample_1,708,T0183,priority,13.22,False
sample_1,708,T0184,priority,2.98,True
sample_1,708,T0185,standard,22.09,False
sample_1,708,T0186,standard,22.33,False
sample_1,708,T0187,standard,2.63,True
sample_1,708,T0188,standard,1.89,True
sample_1,708,T0189,priority,5.1,True
sample_1,708,T0190,standard,6.67,True
sample_1,708,T0191,standard,21.98,False
sample_1,708,T0192,standard,25.28,False
sample_1,708,T0193,standard,4.97,True
sample_1,708,T0194,priority,3.73,True
sample_1,708,T0195,standard,28.31,False
sample_1,708,T0196,standard,7.22,True
sample_1,708,T0197,standard,15.81,False
sample_1,708,T0198,priority,2.16,True
sample_1,708,T0199,standard,17.44,False
sample_1,708,T0200,priority,9.35,True
sample_1,708,T0201,priority,7.76,True
sample_1,708,T0202,standard,4.34,True
sample_1,708,T0203,standard,11.31,False
sample_1,708,T0204,standard,8.52,True
sample_1,708,T0205,priority,1.95,True
sample_1,708,T0206,standard,11.43,False
sample_1,708,T0207,priority,5.87,True
sample_1,708,T0208,standard,11.69,False
sample_1,708,T0209,standard,14.92,False
sample_1,708,T0210,standard,22.79,False
sample_1,708,T0211,standard,3.2,True
sample_1,708,T0212,standard,31.17,False
sample_1,708,T0213,standard,6.38,True
sample_1,708,T0214,priority,9.18,True
sample_1,708,T0215,priority,5.55,True
sample_1,708,T0216,standard,43.24,False
sample_1,708,T0217,standard,2.55,True
sample_1,708,T0218,standard,13.55,False
sample_1,708,T0219,standard,5.98,True
sample_1,708,T0220,standard,8.84,True
sample_1,708,T0221,priority,1.9,True
sample_1,708,T0222,priority,11.9,False
sample_1,708,T0223,standard,24.68,False
sample_1,708,T0224,priority,1.85,True
sample_1,708,T0225,standard,27.73,False
sample_1,708,T0226,standard,4.28,True
sample_1,708,T0227,priority,2.61,True
sample_1,708,T0228,standard,9.68,True
sample_1,708,T0229,standard,9.44,True
sample_1,708,T0230,standard,23.45,False
sample_1,708,T0231,standard,11.44,False
sample_1,708,T0232,standard,5.02,True
sample_1,708,T0233,standard,1.79,True
sample_1,708,T0234,priority,16.68,False
sample_1,708,T0235,standard,5.95,True
sample_1,708,T0236,standard,3.25,True
sample_1,708,T0237,standard,23.98,False
sample_1,708,T0238,priority,0.85,True
sample_1,708,T0239,standard,37.25,False
sample_1,708,T0240,priority,7.65,True
sample_1,708,T0241,standard,14.18,False
sample_1,708,T0242,standard,10.96,False
sample_1,708,T0243,standard,18.02,False
sample_1,708,T0244,standard,5.2,True
sample_1,708,T0245,standard,10.7,False
sample_1,708,T0246,standard,11.97,False
sample_1,708,T0247,priority,11.73,False
sample_1,708,T0248,priority,3.99,True
sample_1,708,T0249,priority,6.88,True
sample_1,708,T0250,priority,6.13,True
sample_1,708,T0251,standard,7.28,True
sample_1,708,T0252,standard,11.58,False
sample_1,708,T0253,standard,13.19,False
sample_1,708,T0254,priority,1.29,True
sample_1,708,T0255,standard,12.53,False
sample_1,708,T0256,priority,0.84,True
sample_1,708,T0257,priority,3.93,True
sample_1,708,T0258,standard,14.37,False
sample_1,708,T0259,standard,6.34,True
sample_1,708,T0260,standard,32.88,False
sample_1,708,T0261,standard,10.13,False
sample_1,708,T0262,standard,2.53,True
sample_1,708,T0263,standard,6.58,True
sample_1,708,T0264,priority,7.1,True
sample_1,708,T0265,standard,19.9,False
sample_1,708,T0266,standard,11.75,False
sample_1,708,T0267,standard,15.22,False
sample_1,708,T0268,priority,2.07,True
sample_1,708,T0269,standard,9.57,True
sample_1,708,T0270,priority,2.14,True
sample_1,708,T0271,standard,6.82,True
sample_1,708,T0272,priority,2.1,True
sample_1,708,T0273,standard,2.47,True
sample_1,708,T0274,standard,15.42,False
sample_1,708,T0275,standard,25.43,False
sample_1,708,T0276,standard,15.45,False
sample_1,708,T0277,standard,13.77,False
sample_1,708,T0278,priority,3.95,True
sample_1,708,T0279,standard,15.84,False
sample_1,708,T0280,priority,1.67,True
sample_1,708,T0281,priority,2.1,True
sample_1,708,T0282,priority,10.33,False
sample_1,708,T0283,priority,4.39,True
sample_1,708,T0284,standard,23.95,False
sample_1,708,T0285,standard,23.63,False
sample_1,708,T0286,standard,12.64,False
sample_1,708,T0287,priority,4.88,True
sample_1,708,T0288,standard,21.58,False
sample_1,708,T0289,standard,1.19,True
sample_1,708,T0290,priority,3.1,True
sample_1,708,T0291,standard,32.19,False
sample_1,708,T0292,standard,22.93,False
sample_1,708,T0293,standard,2.83,True
sample_1,708,T0294,standard,10.65,False
sample_1,708,T0295,priority,3.89,True
sample_1,708,T0296,standard,19.16,False
sample_1,708,T0297,priority,12.6,False
sample_1,708,T0298,standard,5.29,True
sample_1,708,T0299,standard,1.22,True
sample_1,708,T0300,priority,5.62,True
sample_1,708,T0301,priority,4.15,True
sample_1,708,T0302,standard,31.62,False
sample_1,708,T0303,standard,11.04,False
sample_1,708,T0304,standard,19.84,False
sample_1,708,T0305,priority,0.82,True
sample_1,708,T0306,standard,34.5,False
sample_1,708,T0307,standard,8.24,True
sample_1,708,T0308,standard,13.69,False
sample_1,708,T0309,standard,17.42,False
sample_1,708,T0310,standard,24.51,False
sample_1,708,T0311,standard,3.21,True
sample_1,708,T0312,priority,6.19,True
sample_1,708,T0313,priority,8.25,True
sample_1,708,T0314,standard,10.76,False
sample_1,708,T0315,priority,0.51,True
sample_1,708,T0316,priority,7.56,True
sample_1,708,T0317,standard,25.34,False
sample_1,708,T0318,priority,10.22,False
sample_1,708,T0319,standard,21.99,False
sample_1,708,T0320,standard,9.36,True
sample_1,708,T0321,standard,18.04,False
sample_1,708,T0322,standard,20.07,False
sample_1,708,T0323,standard,36.12,False
sample_1,708,T0324,standard,17.66,False
sample_1,708,T0325,priority,3.95,True
sample_1,708,T0326,standard,7.68,True
sample_1,708,T0327,standard,19.02,False
sample_1,708,T0328,priority,8.46,True
sample_1,708,T0329,standard,17.07,False
sample_1,708,T0330,standard,9.77,True
sample_1,708,T0331,standard,35.47,False
sample_1,708,T0332,priority,6.76,True
sample_1,708,T0333,standard,23.25,False
sample_1,708,T0334,standard,11.88,False
sample_1,708,T0335,standard,8.98,True
sample_1,708,T0336,priority,11.6,False
sample_1,708,T0337,priority,10.82,False
sample_1,708,T0338,standard,11.1,False
sample_1,708,T0339,standard,9.91,True
sample_1,708,T0340,priority,3.91,True
sample_1,708,T0341,standard,21.33,False
sample_1,708,T0342,standard,17.11,False
sample_1,708,T0343,priority,9.58,True
sample_1,708,T0344,priority,4.64,True
sample_1,708,T0345,standard,11.93,False
sample_1,708,T0346,standard,8.36,True
sample_1,708,T0347,priority,7.21,True
sample_1,708,T0348,standard,8.69,True
sample_1,708,T0349,standard,55.34,False
sample_1,708,T0350,standard,15.19,False
sample_1,708,T0351,standard,20.01,False
sample_1,708,T0352,standard,9.19,True
sample_1,708,T0353,standard,27.92,False
sample_1,708,T0354,standard,8.68,True
sample_1,708,T0355,standard,5.15,True
sample_1,708,T0356,priority,4.3,True
sample_1,708,T0357,priority,6.08,True
sample_1,708,T0358,standard,11.65,False
sample_1,708,T0359,standard,16.87,False
sample_1,708,T0360,standard,6.91,True
sample_1,708,T0361,standard,4.66,True
sample_1,708,T0362,standard,6.54,True
sample_1,708,T0363,standard,7.96,True
sample_1,708,T0364,standard,5.02,True
sample_1,708,T0365,priority,8.46,True
sample_1,708,T0366,standard,2.22,True
sample_1,708,T0367,standard,11.29,False
sample_1,708,T0368,priority,1.74,True
sample_1,708,T0369,priority,1.7,True
sample_1,708,T0370,standard,13.05,False
sample_1,708,T0371,standard,11.83,False
sample_1,708,T0372,standard,31.58,False
sample_1,708,T0373,standard,18.89,False
sample_1,708,T0374,standard,34.49,False
sample_1,708,T0375,priority,4.58,True
sample_1,708,T0376,standard,11.86,False
sample_1,708,T0377,standard,5.27,True
sample_1,708,T0378,standard,5.82,True
sample_1,708,T0379,standard,5.11,True
sample_1,708,T0380,standard,8.31,True
sample_1,708,T0381,standard,7.39,True
sample_1,708,T0382,standard,7.43,True
sample_1,708,T0383,standard,22.19,False
sample_1,708,T0384,standard,13.7,False
sample_1,708,T0385,standard,17.22,False
sample_1,708,T0386,priority,1.77,True
sample_1,708,T0387,priority,0.46,True
sample_1,708,T0388,standard,27.13,False
sample_1,708,T0389,priority,2.89,True
sample_1,708,T0390,standard,19.63,False
sample_1,708,T0391,standard,1.75,True
sample_1,708,T0392,priority,1.16,True
sample_1,708,T0393,standard,3.07,True
sample_1,708,T0394,standard,6.76,True
sample_1,708,T0395,standard,9.67,True
sample_1,708,T0396,priority,3.49,True
sample_1,708,T0397,priority,11.03,False
sample_1,708,T0398,priority,2.5,True
sample_1,708,T0399,standard,30.14,False
sample_1,708,T0400,standard,10.01,False
sample_1,708,T0401,priority,7.93,True
sample_1,708,T0402,standard,28.01,False
sample_1,708,T0403,priority,3.53,True
sample_1,708,T0404,standard,26.62,False
sample_1,708,T0405,standard,7.75,True
sample_1,708,T0406,standard,21.84,False
sample_1,708,T0407,standard,35.91,False
sample_1,708,T0408,standard,11.95,False
sample_1,708,T0409,standard,3.28,True
sample_1,708,T0410,priority,9.9,True
sample_1,708,T0411,standard,21.16,False
sample_1,708,T0412,priority,5.77,True
sample_1,708,T0413,priority,11.5,False
sample_1,708,T0414,priority,7.43,True
sample_1,708,T0415,standard,7.32,True
sample_1,708,T0416,standard,9.51,True
sample_1,708,T0417,priority,4.93,True
sample_1,708,T0418,standard,15.87,False
sample_1,708,T0419,standard,4.4,True
sample_1,708,T0420,standard,28.63,False
sample_1,708,T0421,standard,7.26,True
sample_1,708,T0422,standard,21.73,False
sample_1,708,T0423,standard,17.75,False
sample_1,708,T0424,standard,6.27,True
sample_1,708,T0425,standard,13.19,False
sample_1,708,T0426,standard,8.81,True
sample_1,708,T0427,priority,4.15,True
sample_1,708,T0428,priority,7.98,True
sample_1,708,T0429,standard,5.03,True
sample_1,708,T0430,standard,9.39,True
sample_1,708,T0431,priority,5.94,True
sample_1,708,T0432,standard,8.65,True
sample_1,708,T0433,priority,2.33,True
sample_1,708,T0434,priority,1.69,True
sample_1,708,T0435,priority,3.49,True
sample_1,708,T0436,standard,27.79,False
sample_1,708,T0437,standard,16.1,False
sample_1,708,T0438,priority,4.06,True
sample_1,708,T0439,standard,5.15,True
sample_1,708,T0440,standard,15.78,False
sample_1,708,T0441,priority,5.1,True
sample_1,708,T0442,standard,11.92,False
sample_1,708,T0443,standard,13.84,False
sample_1,708,T0444,priority,1.31,True
sample_1,708,T0445,standard,10.66,False
sample_1,708,T0446,standard,4.93,True
sample_1,708,T0447,priority,6.37,True
sample_1,708,T0448,standard,31.93,False
sample_1,708,T0449,standard,12.86,False
sample_1,708,T0450,priority,9.56,True
sample_1,708,T0451,priority,1.16,True
sample_1,708,T0452,standard,7.47,True
sample_1,708,T0453,standard,24.76,False
sample_1,708,T0454,standard,12.75,False
sample_1,708,T0455,standard,2.56,True
sample_1,708,T0456,standard,21.19,False
sample_1,708,T0457,standard,10.22,False
sample_1,708,T0458,standard,8.79,True
sample_1,708,T0459,priority,26.49,False
sample_1,708,T0460,standard,13.87,False
sample_1,708,T0461,standard,28.56,False
sample_1,708,T0462,standard,26.08,False
sample_1,708,T0463,standard,17.45,False
sample_1,708,T0464,standard,10.4,False
sample_1,708,T0465,standard,26.81,False
sample_1,708,T0466,standard,7.25,True
sample_1,708,T0467,standard,7.73,True
sample_1,708,T0468,standard,7.53,True
sample_1,708,T0469,standard,18.94,False
sample_1,708,T0470,priority,7.8,True
sample_1,708,T0471,standard,17.58,False
sample_1,708,T0472,priority,4.38,True
sample_1,708,T0473,standard,10.53,False
sample_1,708,T0474,standard,6.62,True
sample_1,708,T0475,standard,23.77,False
sample_1,708,T0476,priority,12.68,False
sample_1,708,T0477,standard,13.63,False
sample_1,708,T0478,standard,11.07,False
sample_1,708,T0479,standard,10.67,False
sample_1,708,T0480,priority,5.69,True
sample_1,708,T0481,priority,17.78,False
sample_1,708,T0482,standard,7.76,True
sample_1,708,T0483,priority,6.88,True
sample_1,708,T0484,standard,12.8,False
sample_1,708,T0485,standard,13.95,False
sample_1,708,T0486,priority,1.24,True
sample_1,708,T0487,priority,8.46,True
sample_1,708,T0488,priority,4.81,True
sample_1,708,T0489,priority,8.67,True
sample_1,708,T0490,standard,26.75,False
sample_1,708,T0491,standard,16.99,False
sample_1,708,T0492,standard,10.49,False
sample_1,708,T0493,priority,1.97,True
sample_1,708,T0494,standard,21.01,False
sample_1,708,T0495,priority,10.34,False
sample_1,708,T0496,standard,4.61,True
sample_1,708,T0497,standard,21.53,False
sample_1,708,T0498,standard,5.46,True
sample_1,708,T0499,standard,30.28,False
sample_1,708,T0500,priority,5.15,True
sample_2,1708,T0001,standard,13.13,False
sample_2,1708,T0002,priority,12.79,False
sample_2,1708,T0003,standard,15.45,False
sample_2,1708,T0004,standard,26.7,False
sample_2,1708,T0005,standard,25.32,False
sample_2,1708,T0006,standard,10.82,False
sample_2,1708,T0007,standard,1.93,True
sample_2,1708,T0008,standard,12.78,False
sample_2,1708,T0009,standard,5.84,True
sample_2,1708,T0010,priority,1.81,True
sample_2,1708,T0011,standard,11.96,False
sample_2,1708,T0012,standard,11.62,False
sample_2,1708,T0013,priority,2.68,True
sample_2,1708,T0014,standard,5.25,True
sample_2,1708,T0015,standard,4.33,True
sample_2,1708,T0016,standard,5.06,True
sample_2,1708,T0017,priority,3.08,True
sample_2,1708,T0018,standard,0.93,True
sample_2,1708,T0019,standard,11.49,False
sample_2,1708,T0020,priority,3.52,True
sample_2,1708,T0021,standard,12.33,False
sample_2,1708,T0022,standard,9.03,True
sample_2,1708,T0023,standard,7.09,True
sample_2,1708,T0024,standard,11.19,False
sample_2,1708,T0025,standard,4.64,True
sample_2,1708,T0026,standard,8.91,True
sample_2,1708,T0027,standard,10.75,False
sample_2,1708,T0028,standard,18.8,False
sample_2,1708,T0029,standard,8.17,True
sample_2,1708,T0030,priority,1.77,True
sample_2,1708,T0031,standard,9.2,True
sample_2,1708,T0032,standard,6.47,True
sample_2,1708,T0033,priority,3.93,True
sample_2,1708,T0034,priority,6.91,True
sample_2,1708,T0035,standard,14.72,False
sample_2,1708,T0036,standard,12.82,False
sample_2,1708,T0037,standard,1.24,True
sample_2,1708,T0038,standard,55.13,False
sample_2,1708,T0039,standard,25.79,False
sample_2,1708,T0040,priority,12.01,False
sample_2,1708,T0041,standard,14.27,False
sample_2,1708,T0042,standard,16.45,False
sample_2,1708,T0043,standard,1.4,True
sample_2,1708,T0044,standard,31.66,False
sample_2,1708,T0045,standard,10.92,False
sample_2,1708,T0046,standard,6.63,True
sample_2,1708,T0047,standard,33.7,False
sample_2,1708,T0048,standard,12.35,False
sample_2,1708,T0049,priority,4.87,True
sample_2,1708,T0050,standard,13.37,False
sample_2,1708,T0051,standard,4.78,True
sample_2,1708,T0052,standard,8.79,True
sample_2,1708,T0053,standard,16.49,False
sample_2,1708,T0054,priority,3.6,True
sample_2,1708,T0055,standard,25.62,False
sample_2,1708,T0056,standard,18.67,False
sample_2,1708,T0057,standard,26.19,False
sample_2,1708,T0058,priority,1.41,True
sample_2,1708,T0059,standard,23.98,False
sample_2,1708,T0060,standard,48.73,False
sample_2,1708,T0061,standard,14.27,False
sample_2,1708,T0062,standard,6.26,True
sample_2,1708,T0063,standard,28.08,False
sample_2,1708,T0064,standard,20.5,False
sample_2,1708,T0065,standard,2.54,True
sample_2,1708,T0066,standard,20.03,False
sample_2,1708,T0067,priority,5.82,True
sample_2,1708,T0068,standard,6.71,True
sample_2,1708,T0069,standard,12.5,False
sample_2,1708,T0070,standard,11.06,False
sample_2,1708,T0071,priority,4.66,True
sample_2,1708,T0072,priority,5.88,True
sample_2,1708,T0073,standard,5.95,True
sample_2,1708,T0074,standard,8.08,True
sample_2,1708,T0075,standard,2.87,True
sample_2,1708,T0076,priority,3.99,True
sample_2,1708,T0077,standard,4.69,True
sample_2,1708,T0078,standard,9.16,True
sample_2,1708,T0079,priority,10.03,False
sample_2,1708,T0080,priority,2.31,True
sample_2,1708,T0081,standard,28.85,False
sample_2,1708,T0082,priority,7.6,True
sample_2,1708,T0083,standard,18.35,False
sample_2,1708,T0084,priority,8.79,True
sample_2,1708,T0085,standard,5.21,True
sample_2,1708,T0086,priority,10.3,False
sample_2,1708,T0087,priority,1.66,True
sample_2,1708,T0088,priority,5.48,True
sample_2,1708,T0089,standard,8.65,True
sample_2,1708,T0090,priority,11.37,False
sample_2,1708,T0091,standard,23.14,False
sample_2,1708,T0092,standard,5.62,True
sample_2,1708,T0093,standard,1.66,True
sample_2,1708,T0094,standard,8.5,True
sample_2,1708,T0095,standard,9.12,True
sample_2,1708,T0096,standard,8.77,True
sample_2,1708,T0097,standard,10.57,False
sample_2,1708,T0098,standard,59.21,False
sample_2,1708,T0099,priority,3.73,True
sample_2,1708,T0100,priority,6.85,True
sample_2,1708,T0101,standard,9.62,True
sample_2,1708,T0102,standard,14.42,False
sample_2,1708,T0103,standard,12.15,False
sample_2,1708,T0104,priority,5.85,True
sample_2,1708,T0105,standard,45.42,False
sample_2,1708,T0106,priority,0.95,True
sample_2,1708,T0107,standard,14.16,False
sample_2,1708,T0108,priority,6.38,True
sample_2,1708,T0109,priority,3.86,True
sample_2,1708,T0110,priority,3.92,True
sample_2,1708,T0111,priority,7.66,True
sample_2,1708,T0112,standard,5.91,True
sample_2,1708,T0113,standard,12.64,False
sample_2,1708,T0114,priority,3.78,True
sample_2,1708,T0115,standard,18.53,False
sample_2,1708,T0116,standard,15.27,False
sample_2,1708,T0117,standard,4.05,True
sample_2,1708,T0118,priority,3.49,True
sample_2,1708,T0119,standard,7.64,True
sample_2,1708,T0120,standard,7.49,True
sample_2,1708,T0121,standard,17.43,False
sample_2,1708,T0122,priority,10.37,False
sample_2,1708,T0123,standard,19.89,False
sample_2,1708,T0124,standard,7.49,True
sample_2,1708,T0125,priority,14.23,False
sample_2,1708,T0126,standard,5.11,True
sample_2,1708,T0127,standard,15.11,False
sample_2,1708,T0128,standard,22.26,False
sample_2,1708,T0129,standard,17.13,False
sample_2,1708,T0130,priority,9.08,True
sample_2,1708,T0131,standard,15.7,False
sample_2,1708,T0132,standard,6.31,True
sample_2,1708,T0133,standard,5.42,True
sample_2,1708,T0134,standard,3.19,True
sample_2,1708,T0135,standard,11.7,False
sample_2,1708,T0136,standard,14.13,False
sample_2,1708,T0137,standard,13.42,False
sample_2,1708,T0138,standard,10.3,False
sample_2,1708,T0139,standard,3.2,True
sample_2,1708,T0140,priority,1.71,True
sample_2,1708,T0141,priority,7.59,True
sample_2,1708,T0142,priority,5.76,True
sample_2,1708,T0143,standard,37.62,False
sample_2,1708,T0144,standard,2.17,True
sample_2,1708,T0145,standard,6.86,True
sample_2,1708,T0146,standard,29.02,False
sample_2,1708,T0147,priority,7.24,True
sample_2,1708,T0148,priority,7.17,True
sample_2,1708,T0149,standard,24.41,False
sample_2,1708,T0150,standard,7.72,True
sample_2,1708,T0151,standard,11.52,False
sample_2,1708,T0152,standard,4.04,True
sample_2,1708,T0153,standard,10.41,False
sample_2,1708,T0154,standard,9.93,True
sample_2,1708,T0155,standard,30.22,False
sample_2,1708,T0156,standard,26.77,False
sample_2,1708,T0157,standard,22.77,False
sample_2,1708,T0158,standard,24.16,False
sample_2,1708,T0159,standard,15.21,False
sample_2,1708,T0160,priority,1.73,True
sample_2,1708,T0161,standard,4.85,True
sample_2,1708,T0162,standard,1.76,True
sample_2,1708,T0163,priority,13.13,False
sample_2,1708,T0164,standard,6.25,True
sample_2,1708,T0165,priority,6.5,True
sample_2,1708,T0166,standard,1.58,True
sample_2,1708,T0167,priority,3.03,True
sample_2,1708,T0168,standard,34.82,False
sample_2,1708,T0169,standard,20.24,False
sample_2,1708,T0170,priority,1.48,True
sample_2,1708,T0171,priority,1.65,True
sample_2,1708,T0172,standard,3.28,True
sample_2,1708,T0173,standard,9.03,True
sample_2,1708,T0174,standard,15.5,False
sample_2,1708,T0175,standard,17.72,False
sample_2,1708,T0176,standard,4.47,True
sample_2,1708,T0177,standard,4.4,True
sample_2,1708,T0178,standard,6.21,True
sample_2,1708,T0179,priority,2.29,True
sample_2,1708,T0180,standard,17.93,False
sample_2,1708,T0181,priority,3.02,True
sample_2,1708,T0182,standard,8.01,True
sample_2,1708,T0183,standard,15.75,False
sample_2,1708,T0184,standard,15.4,False
sample_2,1708,T0185,priority,3.63,True
sample_2,1708,T0186,standard,12.65,False
sample_2,1708,T0187,priority,11.5,False
sample_2,1708,T0188,priority,5.11,True
sample_2,1708,T0189,priority,7.61,True
sample_2,1708,T0190,standard,3.45,True
sample_2,1708,T0191,standard,16.81,False
sample_2,1708,T0192,priority,3.02,True
sample_2,1708,T0193,standard,12.22,False
sample_2,1708,T0194,standard,13.92,False
sample_2,1708,T0195,standard,8.06,True
sample_2,1708,T0196,standard,42.04,False
sample_2,1708,T0197,standard,15.88,False
sample_2,1708,T0198,standard,8.68,True
sample_2,1708,T0199,standard,11.63,False
sample_2,1708,T0200,priority,3.54,True
sample_2,1708,T0201,priority,2.81,True
sample_2,1708,T0202,priority,5.15,True
sample_2,1708,T0203,standard,17.02,False
sample_2,1708,T0204,standard,20.03,False
sample_2,1708,T0205,standard,12.94,False
sample_2,1708,T0206,priority,2.84,True
sample_2,1708,T0207,standard,23.85,False
sample_2,1708,T0208,standard,12.53,False
sample_2,1708,T0209,standard,35.29,False
sample_2,1708,T0210,standard,19.84,False
sample_2,1708,T0211,standard,41.19,False
sample_2,1708,T0212,standard,52.44,False
sample_2,1708,T0213,standard,14.25,False
sample_2,1708,T0214,standard,14.56,False
sample_2,1708,T0215,priority,3.86,True
sample_2,1708,T0216,standard,15.52,False
sample_2,1708,T0217,standard,8.42,True
sample_2,1708,T0218,priority,3.13,True
sample_2,1708,T0219,standard,28.9,False
sample_2,1708,T0220,priority,2.57,True
sample_2,1708,T0221,standard,7.41,True
sample_2,1708,T0222,standard,6.36,True
sample_2,1708,T0223,standard,20.73,False
sample_2,1708,T0224,priority,5.66,True
sample_2,1708,T0225,priority,7.69,True
sample_2,1708,T0226,standard,10.2,False
sample_2,1708,T0227,priority,5.41,True
sample_2,1708,T0228,priority,5.5,True
sample_2,1708,T0229,standard,4.94,True
sample_2,1708,T0230,standard,4.64,True
sample_2,1708,T0231,priority,2.73,True
sample_2,1708,T0232,standard,6.24,True
sample_2,1708,T0233,standard,8.73,True
sample_2,1708,T0234,priority,3.37,True
sample_2,1708,T0235,standard,18.84,False
sample_2,1708,T0236,priority,10.67,False
sample_2,1708,T0237,priority,4.98,True
sample_2,1708,T0238,standard,9.11,True
sample_2,1708,T0239,standard,50.75,False
sample_2,1708,T0240,standard,1.84,True
sample_2,1708,T0241,standard,12.62,False
sample_2,1708,T0242,standard,18.44,False
sample_2,1708,T0243,standard,24.23,False
sample_2,1708,T0244,standard,6.08,True
sample_2,1708,T0245,standard,13.22,False
sample_2,1708,T0246,priority,1.81,True
sample_2,1708,T0247,standard,14.26,False
sample_2,1708,T0248,priority,11.37,False
sample_2,1708,T0249,standard,13.12,False
sample_2,1708,T0250,standard,17.17,False
sample_2,1708,T0251,standard,7.78,True
sample_2,1708,T0252,standard,29.79,False
sample_2,1708,T0253,priority,1.36,True
sample_2,1708,T0254,standard,21.83,False
sample_2,1708,T0255,standard,8.95,True
sample_2,1708,T0256,priority,6.21,True
sample_2,1708,T0257,priority,3.14,True
sample_2,1708,T0258,standard,11.03,False
sample_2,1708,T0259,standard,2.37,True
sample_2,1708,T0260,standard,1.13,True
sample_2,1708,T0261,standard,14.54,False
sample_2,1708,T0262,priority,6.8,True
sample_2,1708,T0263,standard,13.29,False
sample_2,1708,T0264,standard,3.47,True
sample_2,1708,T0265,standard,7.43,True
sample_2,1708,T0266,standard,9.81,True
sample_2,1708,T0267,standard,16.88,False
sample_2,1708,T0268,standard,30.17,False
sample_2,1708,T0269,standard,29.43,False
sample_2,1708,T0270,standard,6.14,True
sample_2,1708,T0271,standard,35.46,False
sample_2,1708,T0272,standard,17.08,False
sample_2,1708,T0273,standard,9.43,True
sample_2,1708,T0274,standard,10.71,False
sample_2,1708,T0275,standard,23.23,False
sample_2,1708,T0276,priority,3.05,True
sample_2,1708,T0277,standard,18.93,False
sample_2,1708,T0278,priority,1.78,True
sample_2,1708,T0279,priority,11.86,False
sample_2,1708,T0280,priority,1.93,True
sample_2,1708,T0281,standard,14.46,False
sample_2,1708,T0282,priority,2.21,True
sample_2,1708,T0283,standard,8.54,True
sample_2,1708,T0284,priority,5.35,True
sample_2,1708,T0285,priority,3.01,True
sample_2,1708,T0286,standard,17.31,False
sample_2,1708,T0287,standard,17.18,False
sample_2,1708,T0288,standard,22.25,False
sample_2,1708,T0289,priority,8.11,True
sample_2,1708,T0290,standard,12.43,False
sample_2,1708,T0291,priority,4.59,True
sample_2,1708,T0292,priority,16.23,False
sample_2,1708,T0293,priority,2.96,True
sample_2,1708,T0294,standard,18.92,False
sample_2,1708,T0295,standard,2.69,True
sample_2,1708,T0296,standard,14.7,False
sample_2,1708,T0297,priority,4.02,True
sample_2,1708,T0298,priority,4.92,True
sample_2,1708,T0299,standard,17.72,False
sample_2,1708,T0300,standard,19.79,False
sample_2,1708,T0301,standard,34.26,False
sample_2,1708,T0302,priority,4.01,True
sample_2,1708,T0303,priority,7.9,True
sample_2,1708,T0304,priority,5.42,True
sample_2,1708,T0305,standard,22.25,False
sample_2,1708,T0306,priority,4.39,True
sample_2,1708,T0307,standard,21.01,False
sample_2,1708,T0308,priority,3.42,True
sample_2,1708,T0309,standard,9.83,True
sample_2,1708,T0310,standard,3.16,True
sample_2,1708,T0311,priority,0.53,True
sample_2,1708,T0312,priority,2.24,True
sample_2,1708,T0313,standard,7.03,True
sample_2,1708,T0314,standard,5.74,True
sample_2,1708,T0315,standard,5.4,True
sample_2,1708,T0316,standard,1.63,True
sample_2,1708,T0317,standard,14.98,False
sample_2,1708,T0318,standard,12.21,False
sample_2,1708,T0319,standard,12.11,False
sample_2,1708,T0320,priority,2.76,True
sample_2,1708,T0321,standard,22.13,False
sample_2,1708,T0322,priority,7.66,True
sample_2,1708,T0323,priority,7.75,True
sample_2,1708,T0324,priority,4.05,True
sample_2,1708,T0325,standard,48.75,False
sample_2,1708,T0326,standard,9.66,True
sample_2,1708,T0327,standard,1.83,True
sample_2,1708,T0328,standard,11.53,False
sample_2,1708,T0329,priority,2.96,True
sample_2,1708,T0330,standard,12.23,False
sample_2,1708,T0331,priority,6.48,True
sample_2,1708,T0332,standard,19.95,False
sample_2,1708,T0333,priority,3.9,True
sample_2,1708,T0334,priority,10.48,False
sample_2,1708,T0335,priority,1.48,True
sample_2,1708,T0336,priority,6.66,True
sample_2,1708,T0337,priority,5.93,True
sample_2,1708,T0338,standard,17.17,False
sample_2,1708,T0339,standard,18.74,False
sample_2,1708,T0340,standard,2.31,True
sample_2,1708,T0341,priority,4.26,True
sample_2,1708,T0342,standard,9.11,True
sample_2,1708,T0343,priority,4.72,True
sample_2,1708,T0344,standard,4.97,True
sample_2,1708,T0345,standard,22.6,False
sample_2,1708,T0346,standard,9.89,True
sample_2,1708,T0347,priority,2.06,True
sample_2,1708,T0348,standard,13.23,False
sample_2,1708,T0349,standard,1.66,True
sample_2,1708,T0350,priority,0.17,True
sample_2,1708,T0351,standard,14.01,False
sample_2,1708,T0352,standard,13.03,False
sample_2,1708,T0353,priority,2.79,True
sample_2,1708,T0354,priority,9.74,True
sample_2,1708,T0355,standard,30.69,False
sample_2,1708,T0356,standard,41.34,False
sample_2,1708,T0357,priority,11.05,False
sample_2,1708,T0358,standard,17.81,False
sample_2,1708,T0359,standard,10.65,False
sample_2,1708,T0360,standard,14.6,False
sample_2,1708,T0361,priority,11.57,False
sample_2,1708,T0362,standard,13.21,False
sample_2,1708,T0363,priority,5.62,True
sample_2,1708,T0364,priority,6.1,True
sample_2,1708,T0365,priority,5.44,True
sample_2,1708,T0366,standard,4.62,True
sample_2,1708,T0367,standard,13.35,False
sample_2,1708,T0368,standard,47.12,False
sample_2,1708,T0369,standard,3.95,True
sample_2,1708,T0370,standard,10.35,False
sample_2,1708,T0371,standard,9.24,True
sample_2,1708,T0372,priority,4.43,True
sample_2,1708,T0373,standard,6.64,True
sample_2,1708,T0374,standard,9.85,True
sample_2,1708,T0375,standard,4.32,True
sample_2,1708,T0376,standard,9.04,True
sample_2,1708,T0377,standard,22.07,False
sample_2,1708,T0378,priority,5.71,True
sample_2,1708,T0379,priority,11.18,False
sample_2,1708,T0380,standard,21.82,False
sample_2,1708,T0381,standard,2.18,True
sample_2,1708,T0382,standard,6.61,True
sample_2,1708,T0383,standard,8.24,True
sample_2,1708,T0384,standard,1.38,True
sample_2,1708,T0385,standard,2.06,True
sample_2,1708,T0386,standard,20.52,False
sample_2,1708,T0387,standard,19.33,False
sample_2,1708,T0388,standard,8.13,True
sample_2,1708,T0389,standard,26.06,False
sample_2,1708,T0390,standard,6.84,True
sample_2,1708,T0391,priority,0.13,True
sample_2,1708,T0392,priority,5.08,True
sample_2,1708,T0393,standard,15.64,False
sample_2,1708,T0394,standard,5.68,True
sample_2,1708,T0395,standard,5.02,True
sample_2,1708,T0396,standard,7.7,True
sample_2,1708,T0397,standard,25.81,False
sample_2,1708,T0398,priority,2.8,True
sample_2,1708,T0399,standard,3.77,True
sample_2,1708,T0400,standard,7.99,True
sample_2,1708,T0401,priority,8.38,True
sample_2,1708,T0402,standard,20.05,False
sample_2,1708,T0403,standard,7.3,True
sample_2,1708,T0404,standard,19.86,False
sample_2,1708,T0405,standard,4.94,True
sample_2,1708,T0406,priority,1.16,True
sample_2,1708,T0407,standard,7.83,True
sample_2,1708,T0408,priority,4.75,True
sample_2,1708,T0409,priority,0.81,True
sample_2,1708,T0410,priority,12.48,False
sample_2,1708,T0411,priority,4.37,True
sample_2,1708,T0412,priority,14.0,False
sample_2,1708,T0413,standard,16.5,False
sample_2,1708,T0414,standard,30.84,False
sample_2,1708,T0415,priority,4.28,True
sample_2,1708,T0416,standard,22.65,False
sample_2,1708,T0417,standard,10.38,False
sample_2,1708,T0418,standard,17.68,False
sample_2,1708,T0419,priority,5.76,True
sample_2,1708,T0420,standard,5.25,True
sample_2,1708,T0421,standard,22.13,False
sample_2,1708,T0422,priority,9.11,True
sample_2,1708,T0423,standard,11.41,False
sample_2,1708,T0424,priority,2.22,True
sample_2,1708,T0425,standard,16.32,False
sample_2,1708,T0426,standard,26.75,False
sample_2,1708,T0427,standard,25.02,False
sample_2,1708,T0428,standard,23.27,False
sample_2,1708,T0429,standard,63.52,False
sample_2,1708,T0430,priority,12.38,False
sample_2,1708,T0431,standard,12.73,False
sample_2,1708,T0432,standard,10.21,False
sample_2,1708,T0433,standard,11.51,False
sample_2,1708,T0434,standard,20.76,False
sample_2,1708,T0435,standard,10.72,False
sample_2,1708,T0436,standard,24.12,False
sample_2,1708,T0437,standard,6.87,True
sample_2,1708,T0438,standard,4.18,True
sample_2,1708,T0439,priority,3.49,True
sample_2,1708,T0440,standard,12.62,False
sample_2,1708,T0441,priority,22.51,False
sample_2,1708,T0442,priority,3.48,True
sample_2,1708,T0443,standard,2.98,True
sample_2,1708,T0444,priority,4.64,True
sample_2,1708,T0445,standard,23.99,False
sample_2,1708,T0446,standard,21.91,False
sample_2,1708,T0447,priority,4.49,True
sample_2,1708,T0448,priority,5.79,True
sample_2,1708,T0449,priority,8.63,True
sample_2,1708,T0450,standard,23.82,False
sample_2,1708,T0451,standard,13.74,False
sample_2,1708,T0452,standard,6.86,True
sample_2,1708,T0453,standard,33.38,False
sample_2,1708,T0454,priority,4.73,True
sample_2,1708,T0455,standard,8.71,True
sample_2,1708,T0456,standard,15.03,False
sample_2,1708,T0457,standard,16.03,False
sample_2,1708,T0458,priority,3.48,True
sample_2,1708,T0459,standard,4.43,True
sample_2,1708,T0460,standard,10.76,False
sample_2,1708,T0461,standard,18.21,False
sample_2,1708,T0462,standard,38.3,False
sample_2,1708,T0463,standard,5.79,True
sample_2,1708,T0464,standard,6.74,True
sample_2,1708,T0465,standard,5.68,True
sample_2,1708,T0466,standard,14.71,False
sample_2,1708,T0467,standard,7.89,True
sample_2,1708,T0468,standard,8.78,True
sample_2,1708,T0469,priority,5.88,True
sample_2,1708,T0470,priority,13.84,False
sample_2,1708,T0471,priority,12.12,False
sample_2,1708,T0472,standard,11.51,False
sample_2,1708,T0473,standard,21.04,False
sample_2,1708,T0474,standard,13.69,False
sample_2,1708,T0475,standard,14.17,False
sample_2,1708,T0476,priority,4.44,True
sample_2,1708,T0477,standard,14.7,False
sample_2,1708,T0478,standard,13.49,False
sample_2,1708,T0479,standard,13.3,False
sample_2,1708,T0480,priority,4.19,True
sample_2,1708,T0481,priority,7.75,True
sample_2,1708,T0482,priority,0.8,True
sample_2,1708,T0483,priority,10.18,False
sample_2,1708,T0484,standard,6.69,True
sample_2,1708,T0485,standard,4.13,True
sample_2,1708,T0486,standard,7.77,True
sample_2,1708,T0487,priority,2.75,True
sample_2,1708,T0488,standard,18.41,False
sample_2,1708,T0489,standard,12.67,False
sample_2,1708,T0490,standard,11.98,False
sample_2,1708,T0491,standard,3.73,True
sample_2,1708,T0492,priority,2.24,True
sample_2,1708,T0493,standard,5.99,True
sample_2,1708,T0494,standard,12.77,False
sample_2,1708,T0495,standard,7.45,True
sample_2,1708,T0496,standard,13.86,False
sample_2,1708,T0497,priority,5.66,True
sample_2,1708,T0498,priority,6.4,True
sample_2,1708,T0499,priority,3.49,True
sample_2,1708,T0500,priority,0.63,True
sample_3,2708,T0001,priority,3.14,True
sample_3,2708,T0002,standard,22.82,False
sample_3,2708,T0003,priority,7.89,True
sample_3,2708,T0004,priority,2.6,True
sample_3,2708,T0005,standard,16.25,False
sample_3,2708,T0006,standard,15.39,False
sample_3,2708,T0007,standard,10.65,False
sample_3,2708,T0008,priority,3.83,True
sample_3,2708,T0009,standard,4.74,True
sample_3,2708,T0010,priority,15.53,False
sample_3,2708,T0011,standard,7.78,True
sample_3,2708,T0012,standard,24.24,False
sample_3,2708,T0013,priority,8.14,True
sample_3,2708,T0014,standard,13.75,False
sample_3,2708,T0015,priority,9.33,True
sample_3,2708,T0016,standard,7.8,True
sample_3,2708,T0017,standard,17.8,False
sample_3,2708,T0018,standard,23.82,False
sample_3,2708,T0019,priority,1.66,True
sample_3,2708,T0020,priority,1.07,True
sample_3,2708,T0021,standard,8.65,True
sample_3,2708,T0022,standard,2.26,True
sample_3,2708,T0023,priority,5.52,True
sample_3,2708,T0024,priority,3.45,True
sample_3,2708,T0025,priority,3.47,True
sample_3,2708,T0026,standard,5.6,True
sample_3,2708,T0027,priority,3.62,True
sample_3,2708,T0028,standard,3.07,True
sample_3,2708,T0029,priority,8.83,True
sample_3,2708,T0030,standard,4.39,True
sample_3,2708,T0031,standard,5.39,True
sample_3,2708,T0032,standard,3.17,True
sample_3,2708,T0033,priority,9.44,True
sample_3,2708,T0034,standard,4.29,True
sample_3,2708,T0035,priority,1.7,True
sample_3,2708,T0036,priority,4.58,True
sample_3,2708,T0037,standard,25.53,False
sample_3,2708,T0038,standard,13.68,False
sample_3,2708,T0039,standard,9.58,True
sample_3,2708,T0040,standard,25.43,False
sample_3,2708,T0041,standard,2.28,True
sample_3,2708,T0042,standard,11.32,False
sample_3,2708,T0043,priority,16.31,False
sample_3,2708,T0044,standard,4.53,True
sample_3,2708,T0045,standard,6.68,True
sample_3,2708,T0046,priority,4.6,True
sample_3,2708,T0047,priority,2.34,True
sample_3,2708,T0048,standard,10.13,False
sample_3,2708,T0049,standard,16.21,False
sample_3,2708,T0050,standard,3.51,True
sample_3,2708,T0051,priority,1.1,True
sample_3,2708,T0052,priority,2.35,True
sample_3,2708,T0053,standard,7.7,True
sample_3,2708,T0054,priority,4.5,True
sample_3,2708,T0055,standard,3.98,True
sample_3,2708,T0056,standard,21.41,False
sample_3,2708,T0057,standard,15.14,False
sample_3,2708,T0058,standard,30.94,False
sample_3,2708,T0059,standard,3.38,True
sample_3,2708,T0060,standard,14.31,False
sample_3,2708,T0061,standard,38.82,False
sample_3,2708,T0062,standard,26.91,False
sample_3,2708,T0063,standard,16.23,False
sample_3,2708,T0064,standard,8.05,True
sample_3,2708,T0065,priority,1.92,True
sample_3,2708,T0066,standard,15.35,False
sample_3,2708,T0067,standard,14.18,False
sample_3,2708,T0068,priority,11.35,False
sample_3,2708,T0069,standard,6.35,True
sample_3,2708,T0070,standard,11.15,False
sample_3,2708,T0071,standard,20.64,False
sample_3,2708,T0072,priority,3.8,True
sample_3,2708,T0073,standard,63.3,False
sample_3,2708,T0074,priority,4.81,True
sample_3,2708,T0075,standard,5.08,True
sample_3,2708,T0076,priority,3.47,True
sample_3,2708,T0077,priority,0.71,True
sample_3,2708,T0078,priority,3.58,True
sample_3,2708,T0079,standard,6.96,True
sample_3,2708,T0080,priority,7.72,True
sample_3,2708,T0081,standard,13.82,False
sample_3,2708,T0082,standard,22.49,False
sample_3,2708,T0083,standard,1.01,True
sample_3,2708,T0084,priority,5.11,True
sample_3,2708,T0085,standard,20.94,False
sample_3,2708,T0086,priority,7.45,True
sample_3,2708,T0087,priority,5.04,True
sample_3,2708,T0088,priority,9.78,True
sample_3,2708,T0089,standard,20.5,False
sample_3,2708,T0090,standard,9.29,True
sample_3,2708,T0091,priority,0.74,True
sample_3,2708,T0092,priority,22.58,False
sample_3,2708,T0093,standard,4.85,True
sample_3,2708,T0094,standard,8.21,True
sample_3,2708,T0095,priority,7.73,True
sample_3,2708,T0096,standard,6.02,True
sample_3,2708,T0097,priority,9.11,True
sample_3,2708,T0098,standard,21.23,False
sample_3,2708,T0099,priority,5.73,True
sample_3,2708,T0100,standard,28.42,False
sample_3,2708,T0101,standard,12.51,False
sample_3,2708,T0102,standard,2.81,True
sample_3,2708,T0103,standard,8.82,True
sample_3,2708,T0104,standard,17.36,False
sample_3,2708,T0105,standard,4.68,True
sample_3,2708,T0106,standard,4.2,True
sample_3,2708,T0107,priority,1.23,True
sample_3,2708,T0108,standard,5.53,True
sample_3,2708,T0109,standard,37.53,False
sample_3,2708,T0110,standard,9.87,True
sample_3,2708,T0111,standard,12.39,False
sample_3,2708,T0112,standard,32.91,False
sample_3,2708,T0113,standard,13.43,False
sample_3,2708,T0114,standard,5.45,True
sample_3,2708,T0115,standard,16.81,False
sample_3,2708,T0116,standard,41.29,False
sample_3,2708,T0117,priority,3.11,True
sample_3,2708,T0118,priority,9.0,True
sample_3,2708,T0119,standard,16.41,False
sample_3,2708,T0120,standard,29.74,False
sample_3,2708,T0121,standard,3.23,True
sample_3,2708,T0122,priority,2.08,True
sample_3,2708,T0123,standard,7.54,True
sample_3,2708,T0124,priority,4.09,True
sample_3,2708,T0125,priority,4.31,True
sample_3,2708,T0126,standard,6.45,True
sample_3,2708,T0127,priority,4.89,True
sample_3,2708,T0128,priority,7.09,True
sample_3,2708,T0129,standard,19.67,False
sample_3,2708,T0130,standard,10.83,False
sample_3,2708,T0131,priority,9.61,True
sample_3,2708,T0132,standard,22.74,False
sample_3,2708,T0133,standard,10.85,False
sample_3,2708,T0134,standard,16.51,False
sample_3,2708,T0135,standard,9.9,True
sample_3,2708,T0136,standard,28.41,False
sample_3,2708,T0137,standard,15.04,False
sample_3,2708,T0138,standard,11.41,False
sample_3,2708,T0139,priority,27.6,False
sample_3,2708,T0140,priority,13.99,False
sample_3,2708,T0141,priority,7.61,True
sample_3,2708,T0142,standard,12.14,False
sample_3,2708,T0143,standard,13.02,False
sample_3,2708,T0144,standard,15.55,False
sample_3,2708,T0145,standard,1.31,True
sample_3,2708,T0146,standard,31.64,False
sample_3,2708,T0147,priority,3.22,True
sample_3,2708,T0148,standard,7.45,True
sample_3,2708,T0149,standard,17.51,False
sample_3,2708,T0150,standard,11.7,False
sample_3,2708,T0151,standard,26.7,False
sample_3,2708,T0152,standard,5.56,True
sample_3,2708,T0153,standard,15.06,False
sample_3,2708,T0154,priority,10.54,False
sample_3,2708,T0155,standard,13.41,False
sample_3,2708,T0156,standard,9.63,True
sample_3,2708,T0157,standard,11.03,False
sample_3,2708,T0158,standard,9.72,True
sample_3,2708,T0159,standard,25.23,False
sample_3,2708,T0160,standard,20.05,False
sample_3,2708,T0161,standard,4.62,True
sample_3,2708,T0162,priority,8.11,True
sample_3,2708,T0163,standard,18.71,False
sample_3,2708,T0164,standard,37.42,False
sample_3,2708,T0165,standard,11.94,False
sample_3,2708,T0166,standard,12.11,False
sample_3,2708,T0167,priority,1.88,True
sample_3,2708,T0168,standard,33.91,False
sample_3,2708,T0169,standard,3.02,True
sample_3,2708,T0170,standard,27.76,False
sample_3,2708,T0171,standard,3.85,True
sample_3,2708,T0172,priority,4.05,True
sample_3,2708,T0173,standard,8.89,True
sample_3,2708,T0174,standard,17.79,False
sample_3,2708,T0175,priority,7.17,True
sample_3,2708,T0176,standard,34.03,False
sample_3,2708,T0177,standard,9.76,True
sample_3,2708,T0178,priority,5.55,True
sample_3,2708,T0179,priority,6.78,True
sample_3,2708,T0180,standard,10.17,False
sample_3,2708,T0181,priority,7.63,True
sample_3,2708,T0182,priority,7.86,True
sample_3,2708,T0183,standard,18.76,False
sample_3,2708,T0184,priority,9.02,True
sample_3,2708,T0185,standard,27.73,False
sample_3,2708,T0186,priority,9.58,True
sample_3,2708,T0187,priority,4.32,True
sample_3,2708,T0188,priority,6.69,True
sample_3,2708,T0189,priority,8.89,True
sample_3,2708,T0190,standard,23.13,False
sample_3,2708,T0191,standard,15.76,False
sample_3,2708,T0192,standard,9.84,True
sample_3,2708,T0193,priority,12.45,False
sample_3,2708,T0194,standard,6.73,True
sample_3,2708,T0195,standard,7.1,True
sample_3,2708,T0196,priority,5.26,True
sample_3,2708,T0197,standard,10.54,False
sample_3,2708,T0198,standard,23.29,False
sample_3,2708,T0199,priority,1.18,True
sample_3,2708,T0200,priority,7.29,True
sample_3,2708,T0201,standard,5.77,True
sample_3,2708,T0202,standard,18.02,False
sample_3,2708,T0203,standard,9.31,True
sample_3,2708,T0204,standard,17.57,False
sample_3,2708,T0205,standard,40.46,False
sample_3,2708,T0206,standard,13.23,False
sample_3,2708,T0207,standard,0.66,True
sample_3,2708,T0208,standard,17.15,False
sample_3,2708,T0209,priority,11.92,False
sample_3,2708,T0210,standard,17.84,False
sample_3,2708,T0211,standard,2.72,True
sample_3,2708,T0212,standard,20.26,False
sample_3,2708,T0213,standard,15.34,False
sample_3,2708,T0214,standard,7.72,True
sample_3,2708,T0215,priority,1.81,True
sample_3,2708,T0216,standard,6.89,True
sample_3,2708,T0217,standard,25.33,False
sample_3,2708,T0218,priority,2.66,True
sample_3,2708,T0219,standard,19.92,False
sample_3,2708,T0220,priority,1.37,True
sample_3,2708,T0221,standard,12.08,False
sample_3,2708,T0222,standard,17.81,False
sample_3,2708,T0223,standard,28.34,False
sample_3,2708,T0224,standard,7.07,True
sample_3,2708,T0225,priority,3.06,True
sample_3,2708,T0226,priority,5.89,True
sample_3,2708,T0227,priority,3.03,True
sample_3,2708,T0228,standard,5.71,True
sample_3,2708,T0229,standard,6.57,True
sample_3,2708,T0230,priority,1.77,True
sample_3,2708,T0231,standard,16.03,False
sample_3,2708,T0232,standard,17.53,False
sample_3,2708,T0233,standard,8.54,True
sample_3,2708,T0234,standard,12.93,False
sample_3,2708,T0235,standard,11.84,False
sample_3,2708,T0236,standard,26.3,False
sample_3,2708,T0237,standard,29.1,False
sample_3,2708,T0238,standard,11.92,False
sample_3,2708,T0239,standard,6.46,True
sample_3,2708,T0240,priority,8.52,True
sample_3,2708,T0241,priority,4.34,True
sample_3,2708,T0242,standard,35.28,False
sample_3,2708,T0243,standard,2.12,True
sample_3,2708,T0244,standard,7.72,True
sample_3,2708,T0245,priority,3.48,True
sample_3,2708,T0246,priority,4.56,True
sample_3,2708,T0247,standard,16.01,False
sample_3,2708,T0248,standard,15.45,False
sample_3,2708,T0249,standard,13.02,False
sample_3,2708,T0250,standard,12.72,False
sample_3,2708,T0251,priority,8.74,True
sample_3,2708,T0252,priority,6.15,True
sample_3,2708,T0253,standard,39.0,False
sample_3,2708,T0254,standard,19.76,False
sample_3,2708,T0255,standard,13.31,False
sample_3,2708,T0256,standard,34.19,False
sample_3,2708,T0257,standard,10.52,False
sample_3,2708,T0258,standard,13.98,False
sample_3,2708,T0259,standard,27.94,False
sample_3,2708,T0260,priority,2.25,True
sample_3,2708,T0261,priority,1.32,True
sample_3,2708,T0262,priority,18.94,False
sample_3,2708,T0263,priority,10.6,False
sample_3,2708,T0264,standard,2.9,True
sample_3,2708,T0265,priority,4.72,True
sample_3,2708,T0266,priority,5.11,True
sample_3,2708,T0267,standard,11.21,False
sample_3,2708,T0268,standard,27.34,False
sample_3,2708,T0269,standard,5.24,True
sample_3,2708,T0270,standard,27.92,False
sample_3,2708,T0271,standard,12.68,False
sample_3,2708,T0272,standard,6.09,True
sample_3,2708,T0273,standard,15.2,False
sample_3,2708,T0274,standard,5.76,True
sample_3,2708,T0275,standard,15.82,False
sample_3,2708,T0276,standard,12.55,False
sample_3,2708,T0277,standard,2.88,True
sample_3,2708,T0278,standard,20.53,False
sample_3,2708,T0279,priority,8.23,True
sample_3,2708,T0280,standard,16.48,False
sample_3,2708,T0281,priority,4.85,True
sample_3,2708,T0282,standard,8.37,True
sample_3,2708,T0283,standard,4.35,True
sample_3,2708,T0284,standard,3.92,True
sample_3,2708,T0285,standard,11.48,False
sample_3,2708,T0286,priority,4.54,True
sample_3,2708,T0287,standard,12.93,False
sample_3,2708,T0288,standard,12.91,False
sample_3,2708,T0289,standard,3.51,True
sample_3,2708,T0290,standard,19.5,False
sample_3,2708,T0291,priority,5.32,True
sample_3,2708,T0292,priority,1.95,True
sample_3,2708,T0293,priority,3.32,True
sample_3,2708,T0294,standard,36.24,False
sample_3,2708,T0295,priority,5.39,True
sample_3,2708,T0296,priority,4.29,True
sample_3,2708,T0297,standard,23.31,False
sample_3,2708,T0298,standard,31.6,False
sample_3,2708,T0299,priority,1.63,True
sample_3,2708,T0300,standard,5.8,True
sample_3,2708,T0301,standard,21.62,False
sample_3,2708,T0302,standard,21.01,False
sample_3,2708,T0303,standard,14.64,False
sample_3,2708,T0304,standard,18.47,False
sample_3,2708,T0305,standard,7.97,True
sample_3,2708,T0306,standard,13.7,False
sample_3,2708,T0307,standard,13.33,False
sample_3,2708,T0308,priority,4.23,True
sample_3,2708,T0309,standard,24.11,False
sample_3,2708,T0310,standard,9.99,True
sample_3,2708,T0311,standard,17.62,False
sample_3,2708,T0312,priority,9.62,True
sample_3,2708,T0313,priority,2.5,True
sample_3,2708,T0314,standard,28.1,False
sample_3,2708,T0315,standard,16.11,False
sample_3,2708,T0316,standard,11.6,False
sample_3,2708,T0317,standard,24.5,False
sample_3,2708,T0318,priority,10.41,False
sample_3,2708,T0319,priority,10.11,False
sample_3,2708,T0320,standard,14.75,False
sample_3,2708,T0321,priority,6.05,True
sample_3,2708,T0322,standard,13.53,False
sample_3,2708,T0323,standard,3.99,True
sample_3,2708,T0324,standard,1.72,True
sample_3,2708,T0325,standard,48.64,False
sample_3,2708,T0326,standard,5.91,True
sample_3,2708,T0327,standard,34.87,False
sample_3,2708,T0328,standard,19.67,False
sample_3,2708,T0329,standard,4.69,True
sample_3,2708,T0330,priority,26.13,False
sample_3,2708,T0331,standard,5.02,True
sample_3,2708,T0332,priority,4.91,True
sample_3,2708,T0333,standard,2.44,True
sample_3,2708,T0334,standard,4.69,True
sample_3,2708,T0335,standard,12.39,False
sample_3,2708,T0336,standard,12.89,False
sample_3,2708,T0337,standard,11.22,False
sample_3,2708,T0338,standard,7.41,True
sample_3,2708,T0339,standard,4.87,True
sample_3,2708,T0340,standard,17.73,False
sample_3,2708,T0341,priority,4.66,True
sample_3,2708,T0342,standard,16.32,False
sample_3,2708,T0343,priority,6.37,True
sample_3,2708,T0344,standard,26.42,False
sample_3,2708,T0345,standard,27.26,False
sample_3,2708,T0346,standard,33.48,False
sample_3,2708,T0347,standard,33.98,False
sample_3,2708,T0348,standard,6.11,True
sample_3,2708,T0349,priority,1.25,True
sample_3,2708,T0350,priority,3.45,True
sample_3,2708,T0351,priority,3.53,True
sample_3,2708,T0352,standard,19.99,False
sample_3,2708,T0353,standard,28.96,False
sample_3,2708,T0354,standard,19.65,False
sample_3,2708,T0355,priority,9.48,True
sample_3,2708,T0356,standard,3.75,True
sample_3,2708,T0357,priority,14.08,False
sample_3,2708,T0358,standard,36.89,False
sample_3,2708,T0359,standard,10.97,False
sample_3,2708,T0360,standard,1.66,True
sample_3,2708,T0361,standard,11.14,False
sample_3,2708,T0362,standard,31.11,False
sample_3,2708,T0363,standard,7.16,True
sample_3,2708,T0364,standard,4.86,True
sample_3,2708,T0365,standard,2.87,True
sample_3,2708,T0366,standard,3.61,True
sample_3,2708,T0367,standard,18.14,False
sample_3,2708,T0368,standard,9.09,True
sample_3,2708,T0369,standard,18.65,False
sample_3,2708,T0370,priority,8.01,True
sample_3,2708,T0371,standard,6.83,True
sample_3,2708,T0372,priority,4.86,True
sample_3,2708,T0373,priority,14.55,False
sample_3,2708,T0374,standard,5.91,True
sample_3,2708,T0375,standard,5.39,True
sample_3,2708,T0376,standard,11.38,False
sample_3,2708,T0377,priority,4.51,True
sample_3,2708,T0378,priority,4.82,True
sample_3,2708,T0379,priority,10.46,False
sample_3,2708,T0380,priority,2.53,True
sample_3,2708,T0381,standard,8.71,True
sample_3,2708,T0382,standard,12.89,False
sample_3,2708,T0383,standard,4.61,True
sample_3,2708,T0384,priority,4.09,True
sample_3,2708,T0385,standard,23.88,False
sample_3,2708,T0386,standard,11.89,False
sample_3,2708,T0387,standard,12.76,False
sample_3,2708,T0388,priority,7.61,True
sample_3,2708,T0389,priority,0.19,True
sample_3,2708,T0390,standard,15.91,False
sample_3,2708,T0391,standard,10.63,False
sample_3,2708,T0392,standard,5.95,True
sample_3,2708,T0393,standard,20.29,False
sample_3,2708,T0394,standard,21.79,False
sample_3,2708,T0395,standard,19.63,False
sample_3,2708,T0396,standard,2.49,True
sample_3,2708,T0397,standard,5.59,True
sample_3,2708,T0398,standard,7.83,True
sample_3,2708,T0399,standard,6.59,True
sample_3,2708,T0400,standard,7.94,True
sample_3,2708,T0401,priority,7.37,True
sample_3,2708,T0402,priority,8.28,True
sample_3,2708,T0403,priority,0.67,True
sample_3,2708,T0404,standard,31.96,False
sample_3,2708,T0405,priority,5.55,True
sample_3,2708,T0406,standard,23.54,False
sample_3,2708,T0407,priority,6.1,True
sample_3,2708,T0408,standard,10.73,False
sample_3,2708,T0409,standard,25.27,False
sample_3,2708,T0410,standard,17.85,False
sample_3,2708,T0411,standard,39.42,False
sample_3,2708,T0412,priority,5.0,True
sample_3,2708,T0413,standard,23.96,False
sample_3,2708,T0414,standard,11.4,False
sample_3,2708,T0415,priority,1.29,True
sample_3,2708,T0416,priority,2.11,True
sample_3,2708,T0417,standard,14.75,False
sample_3,2708,T0418,standard,11.96,False
sample_3,2708,T0419,standard,6.27,True
sample_3,2708,T0420,standard,9.07,True
sample_3,2708,T0421,standard,22.38,False
sample_3,2708,T0422,standard,3.82,True
sample_3,2708,T0423,standard,19.33,False
sample_3,2708,T0424,priority,10.17,False
sample_3,2708,T0425,standard,23.15,False
sample_3,2708,T0426,standard,24.05,False
sample_3,2708,T0427,standard,19.35,False
sample_3,2708,T0428,priority,3.82,True
sample_3,2708,T0429,standard,6.13,True
sample_3,2708,T0430,standard,18.26,False
sample_3,2708,T0431,priority,2.79,True
sample_3,2708,T0432,priority,1.08,True
sample_3,2708,T0433,standard,7.54,True
sample_3,2708,T0434,standard,24.14,False
sample_3,2708,T0435,standard,6.83,True
sample_3,2708,T0436,standard,3.84,True
sample_3,2708,T0437,priority,2.75,True
sample_3,2708,T0438,standard,30.57,False
sample_3,2708,T0439,standard,24.31,False
sample_3,2708,T0440,standard,2.21,True
sample_3,2708,T0441,priority,5.61,True
sample_3,2708,T0442,priority,2.41,True
sample_3,2708,T0443,standard,25.57,False
sample_3,2708,T0444,standard,4.32,True
sample_3,2708,T0445,priority,14.94,False
sample_3,2708,T0446,standard,14.58,False
sample_3,2708,T0447,standard,7.28,True
sample_3,2708,T0448,priority,5.82,True
sample_3,2708,T0449,standard,12.06,False
sample_3,2708,T0450,priority,7.61,True
sample_3,2708,T0451,priority,5.05,True
sample_3,2708,T0452,standard,17.96,False
sample_3,2708,T0453,standard,20.25,False
sample_3,2708,T0454,priority,2.36,True
sample_3,2708,T0455,standard,7.08,True
sample_3,2708,T0456,standard,15.67,False
sample_3,2708,T0457,priority,0.3,True
sample_3,2708,T0458,standard,8.29,True
sample_3,2708,T0459,standard,6.17,True
sample_3,2708,T0460,priority,13.71,False
sample_3,2708,T0461,priority,3.84,True
sample_3,2708,T0462,standard,26.01,False
sample_3,2708,T0463,priority,13.63,False
sample_3,2708,T0464,priority,9.04,True
sample_3,2708,T0465,standard,16.71,False
sample_3,2708,T0466,standard,7.18,True
sample_3,2708,T0467,standard,27.51,False
sample_3,2708,T0468,priority,7.58,True
sample_3,2708,T0469,standard,16.07,False
sample_3,2708,T0470,standard,0.65,True
sample_3,2708,T0471,priority,5.43,True
sample_3,2708,T0472,standard,3.42,True
sample_3,2708,T0473,standard,15.83,False
sample_3,2708,T0474,priority,4.96,True
sample_3,2708,T0475,priority,12.6,False
sample_3,2708,T0476,priority,7.01,True
sample_3,2708,T0477,priority,3.09,True
sample_3,2708,T0478,standard,12.98,False
sample_3,2708,T0479,standard,19.87,False
sample_3,2708,T0480,standard,49.12,False
sample_3,2708,T0481,priority,4.85,True
sample_3,2708,T0482,standard,1.94,True
sample_3,2708,T0483,priority,1.78,True
sample_3,2708,T0484,priority,10.61,False
sample_3,2708,T0485,standard,7.18,True
sample_3,2708,T0486,standard,9.11,True
sample_3,2708,T0487,standard,18.85,False
sample_3,2708,T0488,standard,5.98,True
sample_3,2708,T0489,priority,2.54,True
sample_3,2708,T0490,standard,18.66,False
sample_3,2708,T0491,standard,10.09,False
sample_3,2708,T0492,standard,6.67,True
sample_3,2708,T0493,standard,5.78,True
sample_3,2708,T0494,standard,22.09,False
sample_3,2708,T0495,standard,10.63,False
sample_3,2708,T0496,standard,12.73,False
sample_3,2708,T0497,priority,11.45,False
sample_3,2708,T0498,standard,8.71,True
sample_3,2708,T0499,standard,3.53,True
sample_3,2708,T0500,standard,7.45,True
sample_4,3708,T0001,standard,20.15,False
sample_4,3708,T0002,standard,3.65,True
sample_4,3708,T0003,priority,6.0,True
sample_4,3708,T0004,priority,12.5,False
sample_4,3708,T0005,standard,5.36,True
sample_4,3708,T0006,priority,1.33,True
sample_4,3708,T0007,priority,3.44,True
sample_4,3708,T0008,standard,36.73,False
sample_4,3708,T0009,standard,6.87,True
sample_4,3708,T0010,standard,18.96,False
sample_4,3708,T0011,standard,6.16,True
sample_4,3708,T0012,standard,22.25,False
sample_4,3708,T0013,standard,10.79,False
sample_4,3708,T0014,standard,31.22,False
sample_4,3708,T0015,priority,2.38,True
sample_4,3708,T0016,priority,8.93,True
sample_4,3708,T0017,standard,24.81,False
sample_4,3708,T0018,standard,2.72,True
sample_4,3708,T0019,standard,11.49,False
sample_4,3708,T0020,priority,3.39,True
sample_4,3708,T0021,standard,4.12,True
sample_4,3708,T0022,standard,6.95,True
sample_4,3708,T0023,standard,68.52,False
sample_4,3708,T0024,standard,17.28,False
sample_4,3708,T0025,standard,6.71,True
sample_4,3708,T0026,standard,1.84,True
sample_4,3708,T0027,priority,4.24,True
sample_4,3708,T0028,priority,6.35,True
sample_4,3708,T0029,standard,30.73,False
sample_4,3708,T0030,priority,7.49,True
sample_4,3708,T0031,priority,2.88,True
sample_4,3708,T0032,priority,4.33,True
sample_4,3708,T0033,standard,15.49,False
sample_4,3708,T0034,priority,3.56,True
sample_4,3708,T0035,standard,10.32,False
sample_4,3708,T0036,standard,11.32,False
sample_4,3708,T0037,priority,8.23,True
sample_4,3708,T0038,priority,2.05,True
sample_4,3708,T0039,standard,4.22,True
sample_4,3708,T0040,standard,1.31,True
sample_4,3708,T0041,standard,11.32,False
sample_4,3708,T0042,standard,3.35,True
sample_4,3708,T0043,priority,8.95,True
sample_4,3708,T0044,standard,6.71,True
sample_4,3708,T0045,standard,5.36,True
sample_4,3708,T0046,priority,9.76,True
sample_4,3708,T0047,priority,2.74,True
sample_4,3708,T0048,standard,12.15,False
sample_4,3708,T0049,standard,32.52,False
sample_4,3708,T0050,standard,14.66,False
sample_4,3708,T0051,standard,11.3,False
sample_4,3708,T0052,standard,26.07,False
sample_4,3708,T0053,standard,31.09,False
sample_4,3708,T0054,standard,11.72,False
sample_4,3708,T0055,standard,7.71,True
sample_4,3708,T0056,standard,24.74,False
sample_4,3708,T0057,standard,3.85,True
sample_4,3708,T0058,standard,9.51,True
sample_4,3708,T0059,standard,20.57,False
sample_4,3708,T0060,standard,33.3,False
sample_4,3708,T0061,priority,8.61,True
sample_4,3708,T0062,standard,32.51,False
sample_4,3708,T0063,priority,0.87,True
sample_4,3708,T0064,standard,17.49,False
sample_4,3708,T0065,standard,1.3,True
sample_4,3708,T0066,priority,17.58,False
sample_4,3708,T0067,standard,1.48,True
sample_4,3708,T0068,standard,20.89,False
sample_4,3708,T0069,standard,11.22,False
sample_4,3708,T0070,priority,6.23,True
sample_4,3708,T0071,standard,14.61,False
sample_4,3708,T0072,standard,17.31,False
sample_4,3708,T0073,standard,24.59,False
sample_4,3708,T0074,priority,6.87,True
sample_4,3708,T0075,standard,15.87,False
sample_4,3708,T0076,standard,12.17,False
sample_4,3708,T0077,standard,2.2,True
sample_4,3708,T0078,standard,14.95,False
sample_4,3708,T0079,priority,3.05,True
sample_4,3708,T0080,standard,21.6,False
sample_4,3708,T0081,standard,39.89,False
sample_4,3708,T0082,standard,5.59,True
sample_4,3708,T0083,priority,6.47,True
sample_4,3708,T0084,standard,7.21,True
sample_4,3708,T0085,standard,3.71,True
sample_4,3708,T0086,standard,13.29,False
sample_4,3708,T0087,priority,4.03,True
sample_4,3708,T0088,standard,36.13,False
sample_4,3708,T0089,standard,12.7,False
sample_4,3708,T0090,standard,18.6,False
sample_4,3708,T0091,standard,12.91,False
sample_4,3708,T0092,priority,0.65,True
sample_4,3708,T0093,standard,13.11,False
sample_4,3708,T0094,priority,9.9,True
sample_4,3708,T0095,standard,28.73,False
sample_4,3708,T0096,standard,8.18,True
sample_4,3708,T0097,priority,9.76,True
sample_4,3708,T0098,standard,18.4,False
sample_4,3708,T0099,standard,18.66,False
sample_4,3708,T0100,standard,15.53,False
sample_4,3708,T0101,standard,9.61,True
sample_4,3708,T0102,standard,40.98,False
sample_4,3708,T0103,standard,18.19,False
sample_4,3708,T0104,standard,7.37,True
sample_4,3708,T0105,standard,6.65,True
sample_4,3708,T0106,standard,26.26,False
sample_4,3708,T0107,priority,14.29,False
sample_4,3708,T0108,standard,30.7,False
sample_4,3708,T0109,standard,38.62,False
sample_4,3708,T0110,priority,7.3,True
sample_4,3708,T0111,standard,20.2,False
sample_4,3708,T0112,standard,22.96,False
sample_4,3708,T0113,standard,10.13,False
sample_4,3708,T0114,priority,4.54,True
sample_4,3708,T0115,priority,5.41,True
sample_4,3708,T0116,priority,6.75,True
sample_4,3708,T0117,standard,5.95,True
sample_4,3708,T0118,standard,18.74,False
sample_4,3708,T0119,priority,8.48,True
sample_4,3708,T0120,priority,5.98,True
sample_4,3708,T0121,standard,8.25,True
sample_4,3708,T0122,standard,2.28,True
sample_4,3708,T0123,priority,6.19,True
sample_4,3708,T0124,priority,1.54,True
sample_4,3708,T0125,priority,2.18,True
sample_4,3708,T0126,priority,1.41,True
sample_4,3708,T0127,standard,8.06,True
sample_4,3708,T0128,standard,22.17,False
sample_4,3708,T0129,standard,4.06,True
sample_4,3708,T0130,standard,11.6,False
sample_4,3708,T0131,standard,30.6,False
sample_4,3708,T0132,priority,8.85,True
sample_4,3708,T0133,standard,11.74,False
sample_4,3708,T0134,priority,10.32,False
sample_4,3708,T0135,standard,17.42,False
sample_4,3708,T0136,standard,10.71,False
sample_4,3708,T0137,standard,2.18,True
sample_4,3708,T0138,standard,43.84,False
sample_4,3708,T0139,standard,12.14,False
sample_4,3708,T0140,standard,5.21,True
sample_4,3708,T0141,priority,10.99,False
sample_4,3708,T0142,standard,27.75,False
sample_4,3708,T0143,standard,4.7,True
sample_4,3708,T0144,standard,10.25,False
sample_4,3708,T0145,standard,12.71,False
sample_4,3708,T0146,standard,8.85,True
sample_4,3708,T0147,standard,15.6,False
sample_4,3708,T0148,priority,2.26,True
sample_4,3708,T0149,standard,19.1,False
sample_4,3708,T0150,standard,19.77,False
sample_4,3708,T0151,standard,9.59,True
sample_4,3708,T0152,priority,9.16,True
sample_4,3708,T0153,standard,22.36,False
sample_4,3708,T0154,priority,2.77,True
sample_4,3708,T0155,standard,29.01,False
sample_4,3708,T0156,standard,14.38,False
sample_4,3708,T0157,priority,7.78,True
sample_4,3708,T0158,standard,24.41,False
sample_4,3708,T0159,standard,2.24,True
sample_4,3708,T0160,standard,23.58,False
sample_4,3708,T0161,standard,17.34,False
sample_4,3708,T0162,standard,10.4,False
sample_4,3708,T0163,standard,5.84,True
sample_4,3708,T0164,standard,10.45,False
sample_4,3708,T0165,priority,2.54,True
sample_4,3708,T0166,standard,8.42,True
sample_4,3708,T0167,standard,8.36,True
sample_4,3708,T0168,standard,16.27,False
sample_4,3708,T0169,standard,14.25,False
sample_4,3708,T0170,standard,11.84,False
sample_4,3708,T0171,standard,10.2,False
sample_4,3708,T0172,standard,38.3,False
sample_4,3708,T0173,priority,2.28,True
sample_4,3708,T0174,priority,4.27,True
sample_4,3708,T0175,priority,5.15,True
sample_4,3708,T0176,priority,11.37,False
sample_4,3708,T0177,standard,17.37,False
sample_4,3708,T0178,standard,16.96,False
sample_4,3708,T0179,standard,34.47,False
sample_4,3708,T0180,standard,33.83,False
sample_4,3708,T0181,standard,16.59,False
sample_4,3708,T0182,priority,3.81,True
sample_4,3708,T0183,standard,17.73,False
sample_4,3708,T0184,priority,10.8,False
sample_4,3708,T0185,standard,2.36,True
sample_4,3708,T0186,standard,6.31,True
sample_4,3708,T0187,standard,12.63,False
sample_4,3708,T0188,priority,2.65,True
sample_4,3708,T0189,priority,6.36,True
sample_4,3708,T0190,standard,13.7,False
sample_4,3708,T0191,standard,13.03,False
sample_4,3708,T0192,standard,10.38,False
sample_4,3708,T0193,standard,33.56,False
sample_4,3708,T0194,standard,14.93,False
sample_4,3708,T0195,priority,4.49,True
sample_4,3708,T0196,standard,5.36,True
sample_4,3708,T0197,priority,2.6,True
sample_4,3708,T0198,standard,56.59,False
sample_4,3708,T0199,standard,4.38,True
sample_4,3708,T0200,standard,22.01,False
sample_4,3708,T0201,standard,3.59,True
sample_4,3708,T0202,standard,25.25,False
sample_4,3708,T0203,standard,26.38,False
sample_4,3708,T0204,standard,9.04,True
sample_4,3708,T0205,priority,6.65,True
sample_4,3708,T0206,standard,16.25,False
sample_4,3708,T0207,priority,8.29,True
sample_4,3708,T0208,priority,20.91,False
sample_4,3708,T0209,standard,7.96,True
sample_4,3708,T0210,standard,48.32,False
sample_4,3708,T0211,standard,24.92,False
sample_4,3708,T0212,standard,4.12,True
sample_4,3708,T0213,standard,12.28,False
sample_4,3708,T0214,standard,20.23,False
sample_4,3708,T0215,standard,8.29,True
sample_4,3708,T0216,priority,3.89,True
sample_4,3708,T0217,priority,20.53,False
sample_4,3708,T0218,standard,0.29,True
sample_4,3708,T0219,standard,7.37,True
sample_4,3708,T0220,standard,17.18,False
sample_4,3708,T0221,standard,8.55,True
sample_4,3708,T0222,standard,21.14,False
sample_4,3708,T0223,priority,4.47,True
sample_4,3708,T0224,standard,9.1,True
sample_4,3708,T0225,standard,17.44,False
sample_4,3708,T0226,priority,2.64,True
sample_4,3708,T0227,standard,18.69,False
sample_4,3708,T0228,priority,1.49,True
sample_4,3708,T0229,standard,5.39,True
sample_4,3708,T0230,standard,3.01,True
sample_4,3708,T0231,standard,5.81,True
sample_4,3708,T0232,standard,11.07,False
sample_4,3708,T0233,standard,23.46,False
sample_4,3708,T0234,standard,7.76,True
sample_4,3708,T0235,standard,17.9,False
sample_4,3708,T0236,standard,12.19,False
sample_4,3708,T0237,priority,3.54,True
sample_4,3708,T0238,standard,4.43,True
sample_4,3708,T0239,standard,13.86,False
sample_4,3708,T0240,priority,4.91,True
sample_4,3708,T0241,standard,10.64,False
sample_4,3708,T0242,standard,29.52,False
sample_4,3708,T0243,standard,6.46,True
sample_4,3708,T0244,priority,4.64,True
sample_4,3708,T0245,standard,12.43,False
sample_4,3708,T0246,standard,5.62,True
sample_4,3708,T0247,standard,14.93,False
sample_4,3708,T0248,standard,26.82,False
sample_4,3708,T0249,standard,46.05,False
sample_4,3708,T0250,standard,10.88,False
sample_4,3708,T0251,standard,0.94,True
sample_4,3708,T0252,standard,8.24,True
sample_4,3708,T0253,standard,1.43,True
sample_4,3708,T0254,standard,9.28,True
sample_4,3708,T0255,priority,6.06,True
sample_4,3708,T0256,standard,3.64,True
sample_4,3708,T0257,standard,20.27,False
sample_4,3708,T0258,standard,8.47,True
sample_4,3708,T0259,standard,3.2,True
sample_4,3708,T0260,priority,3.61,True
sample_4,3708,T0261,standard,11.29,False
sample_4,3708,T0262,standard,1.15,True
sample_4,3708,T0263,priority,3.07,True
sample_4,3708,T0264,standard,10.51,False
sample_4,3708,T0265,standard,20.24,False
sample_4,3708,T0266,priority,4.03,True
sample_4,3708,T0267,standard,12.65,False
sample_4,3708,T0268,priority,4.09,True
sample_4,3708,T0269,standard,8.92,True
sample_4,3708,T0270,standard,20.16,False
sample_4,3708,T0271,standard,5.33,True
sample_4,3708,T0272,standard,13.0,False
sample_4,3708,T0273,standard,3.98,True
sample_4,3708,T0274,standard,9.14,True
sample_4,3708,T0275,priority,7.61,True
sample_4,3708,T0276,standard,16.99,False
sample_4,3708,T0277,standard,9.35,True
sample_4,3708,T0278,standard,10.07,False
sample_4,3708,T0279,standard,21.74,False
sample_4,3708,T0280,standard,20.1,False
sample_4,3708,T0281,priority,0.8,True
sample_4,3708,T0282,priority,5.76,True
sample_4,3708,T0283,standard,6.6,True
sample_4,3708,T0284,priority,0.65,True
sample_4,3708,T0285,standard,20.56,False
sample_4,3708,T0286,standard,6.54,True
sample_4,3708,T0287,standard,28.51,False
sample_4,3708,T0288,standard,14.89,False
sample_4,3708,T0289,standard,11.39,False
sample_4,3708,T0290,priority,5.64,True
sample_4,3708,T0291,standard,31.73,False
sample_4,3708,T0292,standard,33.53,False
sample_4,3708,T0293,standard,17.58,False
sample_4,3708,T0294,priority,12.37,False
sample_4,3708,T0295,priority,14.06,False
sample_4,3708,T0296,standard,17.79,False
sample_4,3708,T0297,priority,8.91,True
sample_4,3708,T0298,standard,13.85,False
sample_4,3708,T0299,priority,3.33,True
sample_4,3708,T0300,standard,5.76,True
sample_4,3708,T0301,priority,1.66,True
sample_4,3708,T0302,standard,4.36,True
sample_4,3708,T0303,standard,0.49,True
sample_4,3708,T0304,standard,11.56,False
sample_4,3708,T0305,standard,23.75,False
sample_4,3708,T0306,standard,25.23,False
sample_4,3708,T0307,standard,37.35,False
sample_4,3708,T0308,priority,3.57,True
sample_4,3708,T0309,standard,15.43,False
sample_4,3708,T0310,standard,8.3,True
sample_4,3708,T0311,standard,12.6,False
sample_4,3708,T0312,standard,17.88,False
sample_4,3708,T0313,standard,0.59,True
sample_4,3708,T0314,standard,19.61,False
sample_4,3708,T0315,standard,8.63,True
sample_4,3708,T0316,priority,4.73,True
sample_4,3708,T0317,priority,2.09,True
sample_4,3708,T0318,standard,4.79,True
sample_4,3708,T0319,standard,21.61,False
sample_4,3708,T0320,priority,10.73,False
sample_4,3708,T0321,standard,39.02,False
sample_4,3708,T0322,standard,47.13,False
sample_4,3708,T0323,priority,4.56,True
sample_4,3708,T0324,priority,2.4,True
sample_4,3708,T0325,standard,6.5,True
sample_4,3708,T0326,standard,0.77,True
sample_4,3708,T0327,priority,3.58,True
sample_4,3708,T0328,priority,4.2,True
sample_4,3708,T0329,standard,34.49,False
sample_4,3708,T0330,priority,4.2,True
sample_4,3708,T0331,priority,1.12,True
sample_4,3708,T0332,standard,18.76,False
sample_4,3708,T0333,priority,4.98,True
sample_4,3708,T0334,standard,7.46,True
sample_4,3708,T0335,priority,4.98,True
sample_4,3708,T0336,standard,24.15,False
sample_4,3708,T0337,priority,4.97,True
sample_4,3708,T0338,priority,2.92,True
sample_4,3708,T0339,standard,8.66,True
sample_4,3708,T0340,priority,18.17,False
sample_4,3708,T0341,standard,7.87,True
sample_4,3708,T0342,priority,1.93,True
sample_4,3708,T0343,priority,7.5,True
sample_4,3708,T0344,standard,12.49,False
sample_4,3708,T0345,standard,11.99,False
sample_4,3708,T0346,priority,4.68,True
sample_4,3708,T0347,standard,27.51,False
sample_4,3708,T0348,standard,9.07,True
sample_4,3708,T0349,priority,2.5,True
sample_4,3708,T0350,priority,7.31,True
sample_4,3708,T0351,standard,23.87,False
sample_4,3708,T0352,standard,6.54,True
sample_4,3708,T0353,standard,12.47,False
sample_4,3708,T0354,standard,17.11,False
sample_4,3708,T0355,standard,30.44,False
sample_4,3708,T0356,standard,3.13,True
sample_4,3708,T0357,standard,9.19,True
sample_4,3708,T0358,standard,11.81,False
sample_4,3708,T0359,standard,35.15,False
sample_4,3708,T0360,priority,4.93,True
sample_4,3708,T0361,standard,16.27,False
sample_4,3708,T0362,priority,14.84,False
sample_4,3708,T0363,priority,5.05,True
sample_4,3708,T0364,standard,16.34,False
sample_4,3708,T0365,standard,8.8,True
sample_4,3708,T0366,priority,27.12,False
sample_4,3708,T0367,priority,5.39,True
sample_4,3708,T0368,standard,6.82,True
sample_4,3708,T0369,standard,23.76,False
sample_4,3708,T0370,priority,5.33,True
sample_4,3708,T0371,priority,8.24,True
sample_4,3708,T0372,standard,7.09,True
sample_4,3708,T0373,standard,52.38,False
sample_4,3708,T0374,standard,23.4,False
sample_4,3708,T0375,priority,6.76,True
sample_4,3708,T0376,standard,12.14,False
sample_4,3708,T0377,priority,2.59,True
sample_4,3708,T0378,standard,10.87,False
sample_4,3708,T0379,standard,18.41,False
sample_4,3708,T0380,standard,4.77,True
sample_4,3708,T0381,standard,15.43,False
sample_4,3708,T0382,standard,11.86,False
sample_4,3708,T0383,standard,21.3,False
sample_4,3708,T0384,priority,7.9,True
sample_4,3708,T0385,standard,24.75,False
sample_4,3708,T0386,priority,15.84,False
sample_4,3708,T0387,standard,10.15,False
sample_4,3708,T0388,priority,9.55,True
sample_4,3708,T0389,priority,17.08,False
sample_4,3708,T0390,priority,13.09,False
sample_4,3708,T0391,standard,6.07,True
sample_4,3708,T0392,standard,5.51,True
sample_4,3708,T0393,standard,30.73,False
sample_4,3708,T0394,standard,22.97,False
sample_4,3708,T0395,priority,3.06,True
sample_4,3708,T0396,priority,2.84,True
sample_4,3708,T0397,priority,6.36,True
sample_4,3708,T0398,standard,4.12,True
sample_4,3708,T0399,standard,28.88,False
sample_4,3708,T0400,standard,4.44,True
sample_4,3708,T0401,standard,12.49,False
sample_4,3708,T0402,standard,7.57,True
sample_4,3708,T0403,priority,10.16,False
sample_4,3708,T0404,standard,7.38,True
sample_4,3708,T0405,standard,7.55,True
sample_4,3708,T0406,standard,20.51,False
sample_4,3708,T0407,standard,29.17,False
sample_4,3708,T0408,standard,20.4,False
sample_4,3708,T0409,standard,12.42,False
sample_4,3708,T0410,standard,8.09,True
sample_4,3708,T0411,standard,6.82,True
sample_4,3708,T0412,standard,10.89,False
sample_4,3708,T0413,standard,12.91,False
sample_4,3708,T0414,standard,5.77,True
sample_4,3708,T0415,standard,12.74,False
sample_4,3708,T0416,priority,4.4,True
sample_4,3708,T0417,standard,9.69,True
sample_4,3708,T0418,standard,33.31,False
sample_4,3708,T0419,standard,9.72,True
sample_4,3708,T0420,standard,9.19,True
sample_4,3708,T0421,priority,4.26,True
sample_4,3708,T0422,standard,14.88,False
sample_4,3708,T0423,standard,16.41,False
sample_4,3708,T0424,priority,3.19,True
sample_4,3708,T0425,standard,18.65,False
sample_4,3708,T0426,standard,15.66,False
sample_4,3708,T0427,standard,16.88,False
sample_4,3708,T0428,priority,2.6,True
sample_4,3708,T0429,standard,10.3,False
sample_4,3708,T0430,standard,11.6,False
sample_4,3708,T0431,standard,19.58,False
sample_4,3708,T0432,standard,2.73,True
sample_4,3708,T0433,standard,13.36,False
sample_4,3708,T0434,standard,5.95,True
sample_4,3708,T0435,priority,5.75,True
sample_4,3708,T0436,priority,3.13,True
sample_4,3708,T0437,standard,5.73,True
sample_4,3708,T0438,priority,1.08,True
sample_4,3708,T0439,standard,9.24,True
sample_4,3708,T0440,standard,1.75,True
sample_4,3708,T0441,priority,9.2,True
sample_4,3708,T0442,standard,9.22,True
sample_4,3708,T0443,standard,27.55,False
sample_4,3708,T0444,standard,18.9,False
sample_4,3708,T0445,standard,18.58,False
sample_4,3708,T0446,standard,30.99,False
sample_4,3708,T0447,standard,27.51,False
sample_4,3708,T0448,standard,17.88,False
sample_4,3708,T0449,standard,0.96,True
sample_4,3708,T0450,standard,22.29,False
sample_4,3708,T0451,standard,31.13,False
sample_4,3708,T0452,standard,14.55,False
sample_4,3708,T0453,standard,17.49,False
sample_4,3708,T0454,standard,15.57,False
sample_4,3708,T0455,priority,4.1,True
sample_4,3708,T0456,standard,41.08,False
sample_4,3708,T0457,standard,7.6,True
sample_4,3708,T0458,standard,13.75,False
sample_4,3708,T0459,standard,14.58,False
sample_4,3708,T0460,priority,2.35,True
sample_4,3708,T0461,priority,17.0,False
sample_4,3708,T0462,standard,11.54,False
sample_4,3708,T0463,standard,3.02,True
sample_4,3708,T0464,standard,1.17,True
sample_4,3708,T0465,priority,4.77,True
sample_4,3708,T0466,standard,14.8,False
sample_4,3708,T0467,standard,12.29,False
sample_4,3708,T0468,priority,7.69,True
sample_4,3708,T0469,standard,27.22,False
sample_4,3708,T0470,priority,0.56,True
sample_4,3708,T0471,standard,18.57,False
sample_4,3708,T0472,standard,7.11,True
sample_4,3708,T0473,standard,13.28,False
sample_4,3708,T0474,priority,7.8,True
sample_4,3708,T0475,standard,41.43,False
sample_4,3708,T0476,standard,19.0,False
sample_4,3708,T0477,standard,19.37,False
sample_4,3708,T0478,standard,37.26,False
sample_4,3708,T0479,standard,6.64,True
sample_4,3708,T0480,standard,5.3,True
sample_4,3708,T0481,priority,15.58,False
sample_4,3708,T0482,standard,21.2,False
sample_4,3708,T0483,standard,17.84,False
sample_4,3708,T0484,priority,4.83,True
sample_4,3708,T0485,standard,11.36,False
sample_4,3708,T0486,priority,3.68,True
sample_4,3708,T0487,standard,25.64,False
sample_4,3708,T0488,standard,5.54,True
sample_4,3708,T0489,standard,20.84,False
sample_4,3708,T0490,standard,5.63,True
sample_4,3708,T0491,standard,11.06,False
sample_4,3708,T0492,standard,11.07,False
sample_4,3708,T0493,priority,8.37,True
sample_4,3708,T0494,standard,17.26,False
sample_4,3708,T0495,standard,17.42,False
sample_4,3708,T0496,standard,16.74,False
sample_4,3708,T0497,priority,5.16,True
sample_4,3708,T0498,standard,7.81,True
sample_4,3708,T0499,standard,14.06,False
sample_4,3708,T0500,standard,1.08,True
sample_5,4708,T0001,priority,2.63,True
sample_5,4708,T0002,standard,14.61,False
sample_5,4708,T0003,standard,24.82,False
sample_5,4708,T0004,standard,5.71,True
sample_5,4708,T0005,standard,19.63,False
sample_5,4708,T0006,standard,16.66,False
sample_5,4708,T0007,standard,21.27,False
sample_5,4708,T0008,standard,23.61,False
sample_5,4708,T0009,standard,3.93,True
sample_5,4708,T0010,standard,6.82,True
sample_5,4708,T0011,standard,10.85,False
sample_5,4708,T0012,standard,5.38,True
sample_5,4708,T0013,priority,7.04,True
sample_5,4708,T0014,standard,11.07,False
sample_5,4708,T0015,priority,5.83,True
sample_5,4708,T0016,standard,11.96,False
sample_5,4708,T0017,standard,14.36,False
sample_5,4708,T0018,standard,6.29,True
sample_5,4708,T0019,priority,7.92,True
sample_5,4708,T0020,standard,19.77,False
sample_5,4708,T0021,priority,8.68,True
sample_5,4708,T0022,priority,4.38,True
sample_5,4708,T0023,priority,6.38,True
sample_5,4708,T0024,standard,18.46,False
sample_5,4708,T0025,standard,17.52,False
sample_5,4708,T0026,standard,14.92,False
sample_5,4708,T0027,standard,16.12,False
sample_5,4708,T0028,standard,15.78,False
sample_5,4708,T0029,standard,6.1,True
sample_5,4708,T0030,priority,3.47,True
sample_5,4708,T0031,standard,5.12,True
sample_5,4708,T0032,standard,26.52,False
sample_5,4708,T0033,priority,7.66,True
sample_5,4708,T0034,standard,4.47,True
sample_5,4708,T0035,priority,5.23,True
sample_5,4708,T0036,standard,23.97,False
sample_5,4708,T0037,standard,26.27,False
sample_5,4708,T0038,standard,48.16,False
sample_5,4708,T0039,standard,5.78,True
sample_5,4708,T0040,standard,11.45,False
sample_5,4708,T0041,standard,5.51,True
sample_5,4708,T0042,priority,3.45,True
sample_5,4708,T0043,standard,10.23,False
sample_5,4708,T0044,standard,2.7,True
sample_5,4708,T0045,priority,3.92,True
sample_5,4708,T0046,standard,28.04,False
sample_5,4708,T0047,standard,40.78,False
sample_5,4708,T0048,standard,15.32,False
sample_5,4708,T0049,priority,2.36,True
sample_5,4708,T0050,priority,8.42,True
sample_5,4708,T0051,priority,3.23,True
sample_5,4708,T0052,standard,12.13,False
sample_5,4708,T0053,standard,24.15,False
sample_5,4708,T0054,priority,5.5,True
sample_5,4708,T0055,priority,3.61,True
sample_5,4708,T0056,standard,36.64,False
sample_5,4708,T0057,priority,4.71,True
sample_5,4708,T0058,standard,19.87,False
sample_5,4708,T0059,standard,14.23,False
sample_5,4708,T0060,standard,20.52,False
sample_5,4708,T0061,standard,11.19,False
sample_5,4708,T0062,priority,5.83,True
sample_5,4708,T0063,priority,5.34,True
sample_5,4708,T0064,standard,7.08,True
sample_5,4708,T0065,standard,30.29,False
sample_5,4708,T0066,standard,16.45,False
sample_5,4708,T0067,standard,11.68,False
sample_5,4708,T0068,standard,6.65,True
sample_5,4708,T0069,standard,5.52,True
sample_5,4708,T0070,standard,4.93,True
sample_5,4708,T0071,standard,16.03,False
sample_5,4708,T0072,standard,10.48,False
sample_5,4708,T0073,standard,19.22,False
sample_5,4708,T0074,standard,16.94,False
sample_5,4708,T0075,priority,11.99,False
sample_5,4708,T0076,priority,4.06,True
sample_5,4708,T0077,standard,11.0,False
sample_5,4708,T0078,standard,16.58,False
sample_5,4708,T0079,priority,4.58,True
sample_5,4708,T0080,priority,3.66,True
sample_5,4708,T0081,priority,5.1,True
sample_5,4708,T0082,standard,5.58,True
sample_5,4708,T0083,standard,4.74,True
sample_5,4708,T0084,priority,5.27,True
sample_5,4708,T0085,standard,16.98,False
sample_5,4708,T0086,standard,6.49,True
sample_5,4708,T0087,priority,7.62,True
sample_5,4708,T0088,priority,1.81,True
sample_5,4708,T0089,standard,17.75,False
sample_5,4708,T0090,standard,31.83,False
sample_5,4708,T0091,priority,7.79,True
sample_5,4708,T0092,standard,5.44,True
sample_5,4708,T0093,standard,4.6,True
sample_5,4708,T0094,priority,7.66,True
sample_5,4708,T0095,standard,2.52,True
sample_5,4708,T0096,standard,10.53,False
sample_5,4708,T0097,standard,35.07,False
sample_5,4708,T0098,standard,38.4,False
sample_5,4708,T0099,standard,10.15,False
sample_5,4708,T0100,standard,17.14,False
sample_5,4708,T0101,standard,22.54,False
sample_5,4708,T0102,standard,6.33,True
sample_5,4708,T0103,priority,14.48,False
sample_5,4708,T0104,standard,4.01,True
sample_5,4708,T0105,standard,40.83,False
sample_5,4708,T0106,standard,10.8,False
sample_5,4708,T0107,priority,9.62,True
sample_5,4708,T0108,standard,19.26,False
sample_5,4708,T0109,standard,6.99,True
sample_5,4708,T0110,priority,0.39,True
sample_5,4708,T0111,standard,4.43,True
sample_5,4708,T0112,priority,4.06,True
sample_5,4708,T0113,standard,17.94,False
sample_5,4708,T0114,priority,2.97,True
sample_5,4708,T0115,standard,6.98,True
sample_5,4708,T0116,priority,2.47,True
sample_5,4708,T0117,standard,6.91,True
sample_5,4708,T0118,standard,13.06,False
sample_5,4708,T0119,standard,7.1,True
sample_5,4708,T0120,priority,2.42,True
sample_5,4708,T0121,priority,2.59,True
sample_5,4708,T0122,standard,12.13,False
sample_5,4708,T0123,standard,32.57,False
sample_5,4708,T0124,standard,27.12,False
sample_5,4708,T0125,standard,12.26,False
sample_5,4708,T0126,standard,14.03,False
sample_5,4708,T0127,standard,7.34,True
sample_5,4708,T0128,standard,17.48,False
sample_5,4708,T0129,standard,11.94,False
sample_5,4708,T0130,priority,6.65,True
sample_5,4708,T0131,standard,6.03,True
sample_5,4708,T0132,standard,11.87,False
sample_5,4708,T0133,standard,4.03,True
sample_5,4708,T0134,standard,32.27,False
sample_5,4708,T0135,priority,6.01,True
sample_5,4708,T0136,standard,30.32,False
sample_5,4708,T0137,standard,5.24,True
sample_5,4708,T0138,priority,0.92,True
sample_5,4708,T0139,standard,6.81,True
sample_5,4708,T0140,standard,3.75,True
sample_5,4708,T0141,standard,8.57,True
sample_5,4708,T0142,standard,7.32,True
sample_5,4708,T0143,standard,9.25,True
sample_5,4708,T0144,priority,5.21,True
sample_5,4708,T0145,standard,10.78,False
sample_5,4708,T0146,standard,4.5,True
sample_5,4708,T0147,priority,5.22,True
sample_5,4708,T0148,standard,11.35,False
sample_5,4708,T0149,standard,16.07,False
sample_5,4708,T0150,standard,26.21,False
sample_5,4708,T0151,priority,3.78,True
sample_5,4708,T0152,standard,28.72,False
sample_5,4708,T0153,priority,2.22,True
sample_5,4708,T0154,standard,16.95,False
sample_5,4708,T0155,priority,5.65,True
sample_5,4708,T0156,priority,3.09,True
sample_5,4708,T0157,standard,30.32,False
sample_5,4708,T0158,standard,4.47,True
sample_5,4708,T0159,priority,8.95,True
sample_5,4708,T0160,standard,12.0,False
sample_5,4708,T0161,standard,29.64,False
sample_5,4708,T0162,standard,18.94,False
sample_5,4708,T0163,standard,21.55,False
sample_5,4708,T0164,standard,4.0,True
sample_5,4708,T0165,standard,14.68,False
sample_5,4708,T0166,standard,1.1,True
sample_5,4708,T0167,priority,8.57,True
sample_5,4708,T0168,priority,7.35,True
sample_5,4708,T0169,priority,1.64,True
sample_5,4708,T0170,priority,5.75,True
sample_5,4708,T0171,standard,10.56,False
sample_5,4708,T0172,priority,6.47,True
sample_5,4708,T0173,standard,25.12,False
sample_5,4708,T0174,standard,11.15,False
sample_5,4708,T0175,priority,20.26,False
sample_5,4708,T0176,priority,4.36,True
sample_5,4708,T0177,standard,11.65,False
sample_5,4708,T0178,standard,7.01,True
sample_5,4708,T0179,standard,16.6,False
sample_5,4708,T0180,priority,0.8,True
sample_5,4708,T0181,standard,5.67,True
sample_5,4708,T0182,standard,1.54,True
sample_5,4708,T0183,standard,16.3,False
sample_5,4708,T0184,standard,4.61,True
sample_5,4708,T0185,standard,39.15,False
sample_5,4708,T0186,standard,7.77,True
sample_5,4708,T0187,standard,21.95,False
sample_5,4708,T0188,standard,6.34,True
sample_5,4708,T0189,priority,2.77,True
sample_5,4708,T0190,standard,5.19,True
sample_5,4708,T0191,standard,34.68,False
sample_5,4708,T0192,priority,8.18,True
sample_5,4708,T0193,standard,8.19,True
sample_5,4708,T0194,standard,5.16,True
sample_5,4708,T0195,priority,8.98,True
sample_5,4708,T0196,standard,13.77,False
sample_5,4708,T0197,priority,9.67,True
sample_5,4708,T0198,standard,4.86,True
sample_5,4708,T0199,standard,25.36,False
sample_5,4708,T0200,priority,3.15,True
sample_5,4708,T0201,standard,34.95,False
sample_5,4708,T0202,standard,10.15,False
sample_5,4708,T0203,priority,8.77,True
sample_5,4708,T0204,standard,6.21,True
sample_5,4708,T0205,priority,11.97,False
sample_5,4708,T0206,priority,1.68,True
sample_5,4708,T0207,standard,46.35,False
sample_5,4708,T0208,standard,9.75,True
sample_5,4708,T0209,standard,12.26,False
sample_5,4708,T0210,standard,9.67,True
sample_5,4708,T0211,priority,1.74,True
sample_5,4708,T0212,standard,10.17,False
sample_5,4708,T0213,standard,14.27,False
sample_5,4708,T0214,priority,3.97,True
sample_5,4708,T0215,standard,9.61,True
sample_5,4708,T0216,priority,6.08,True
sample_5,4708,T0217,priority,4.8,True
sample_5,4708,T0218,standard,4.78,True
sample_5,4708,T0219,standard,11.15,False
sample_5,4708,T0220,standard,11.75,False
sample_5,4708,T0221,priority,18.25,False
sample_5,4708,T0222,standard,33.09,False
sample_5,4708,T0223,priority,6.06,True
sample_5,4708,T0224,priority,1.59,True
sample_5,4708,T0225,priority,5.02,True
sample_5,4708,T0226,standard,3.15,True
sample_5,4708,T0227,standard,7.23,True
sample_5,4708,T0228,standard,1.93,True
sample_5,4708,T0229,priority,17.8,False
sample_5,4708,T0230,priority,10.22,False
sample_5,4708,T0231,priority,11.82,False
sample_5,4708,T0232,standard,4.41,True
sample_5,4708,T0233,priority,6.88,True
sample_5,4708,T0234,priority,2.98,True
sample_5,4708,T0235,standard,3.15,True
sample_5,4708,T0236,standard,2.94,True
sample_5,4708,T0237,standard,16.63,False
sample_5,4708,T0238,standard,17.66,False
sample_5,4708,T0239,standard,15.34,False
sample_5,4708,T0240,priority,0.73,True
sample_5,4708,T0241,standard,14.38,False
sample_5,4708,T0242,standard,9.05,True
sample_5,4708,T0243,standard,10.69,False
sample_5,4708,T0244,standard,14.9,False
sample_5,4708,T0245,standard,4.59,True
sample_5,4708,T0246,standard,14.23,False
sample_5,4708,T0247,standard,18.59,False
sample_5,4708,T0248,priority,6.66,True
sample_5,4708,T0249,standard,6.78,True
sample_5,4708,T0250,standard,12.54,False
sample_5,4708,T0251,standard,2.2,True
sample_5,4708,T0252,standard,26.92,False
sample_5,4708,T0253,priority,2.17,True
sample_5,4708,T0254,standard,19.32,False
sample_5,4708,T0255,standard,12.09,False
sample_5,4708,T0256,standard,3.78,True
sample_5,4708,T0257,standard,17.28,False
sample_5,4708,T0258,standard,11.54,False
sample_5,4708,T0259,standard,33.97,False
sample_5,4708,T0260,priority,4.93,True
sample_5,4708,T0261,priority,2.42,True
sample_5,4708,T0262,priority,6.75,True
sample_5,4708,T0263,standard,13.17,False
sample_5,4708,T0264,priority,19.81,False
sample_5,4708,T0265,standard,28.37,False
sample_5,4708,T0266,standard,18.94,False
sample_5,4708,T0267,standard,1.25,True
sample_5,4708,T0268,standard,25.12,False
sample_5,4708,T0269,standard,20.08,False
sample_5,4708,T0270,standard,13.29,False
sample_5,4708,T0271,standard,5.02,True
sample_5,4708,T0272,standard,13.02,False
sample_5,4708,T0273,standard,9.08,True
sample_5,4708,T0274,standard,21.79,False
sample_5,4708,T0275,standard,13.82,False
sample_5,4708,T0276,standard,34.14,False
sample_5,4708,T0277,standard,14.11,False
sample_5,4708,T0278,standard,15.09,False
sample_5,4708,T0279,standard,32.54,False
sample_5,4708,T0280,priority,5.58,True
sample_5,4708,T0281,standard,10.28,False
sample_5,4708,T0282,standard,4.84,True
sample_5,4708,T0283,standard,26.92,False
sample_5,4708,T0284,standard,15.22,False
sample_5,4708,T0285,priority,5.25,True
sample_5,4708,T0286,standard,5.37,True
sample_5,4708,T0287,standard,9.01,True
sample_5,4708,T0288,standard,14.57,False
sample_5,4708,T0289,standard,15.75,False
sample_5,4708,T0290,standard,29.23,False
sample_5,4708,T0291,priority,2.14,True
sample_5,4708,T0292,standard,16.75,False
sample_5,4708,T0293,priority,3.91,True
sample_5,4708,T0294,standard,5.22,True
sample_5,4708,T0295,standard,39.58,False
sample_5,4708,T0296,standard,35.64,False
sample_5,4708,T0297,standard,27.36,False
sample_5,4708,T0298,standard,10.24,False
sample_5,4708,T0299,standard,14.12,False
sample_5,4708,T0300,standard,9.52,True
sample_5,4708,T0301,standard,20.47,False
sample_5,4708,T0302,standard,5.79,True
sample_5,4708,T0303,standard,2.66,True
sample_5,4708,T0304,standard,8.99,True
sample_5,4708,T0305,priority,4.12,True
sample_5,4708,T0306,standard,25.69,False
sample_5,4708,T0307,standard,32.25,False
sample_5,4708,T0308,priority,7.15,True
sample_5,4708,T0309,standard,11.9,False
sample_5,4708,T0310,priority,9.66,True
sample_5,4708,T0311,priority,3.78,True
sample_5,4708,T0312,standard,16.91,False
sample_5,4708,T0313,standard,17.13,False
sample_5,4708,T0314,priority,6.47,True
sample_5,4708,T0315,standard,2.55,True
sample_5,4708,T0316,priority,10.57,False
sample_5,4708,T0317,priority,0.08,True
sample_5,4708,T0318,priority,6.95,True
sample_5,4708,T0319,priority,7.34,True
sample_5,4708,T0320,standard,7.47,True
sample_5,4708,T0321,standard,4.01,True
sample_5,4708,T0322,priority,8.34,True
sample_5,4708,T0323,priority,3.46,True
sample_5,4708,T0324,standard,9.77,True
sample_5,4708,T0325,standard,9.8,True
sample_5,4708,T0326,priority,4.99,True
sample_5,4708,T0327,standard,3.67,True
sample_5,4708,T0328,standard,13.97,False
sample_5,4708,T0329,priority,1.96,True
sample_5,4708,T0330,standard,13.95,False
sample_5,4708,T0331,standard,12.27,False
sample_5,4708,T0332,standard,6.91,True
sample_5,4708,T0333,priority,8.63,True
sample_5,4708,T0334,standard,8.25,True
sample_5,4708,T0335,standard,27.15,False
sample_5,4708,T0336,standard,2.41,True
sample_5,4708,T0337,standard,7.74,True
sample_5,4708,T0338,standard,14.5,False
sample_5,4708,T0339,priority,4.6,True
sample_5,4708,T0340,standard,9.39,True
sample_5,4708,T0341,standard,26.55,False
sample_5,4708,T0342,standard,4.95,True
sample_5,4708,T0343,standard,3.1,True
sample_5,4708,T0344,priority,12.95,False
sample_5,4708,T0345,standard,4.82,True
sample_5,4708,T0346,standard,10.56,False
sample_5,4708,T0347,priority,0.89,True
sample_5,4708,T0348,standard,9.41,True
sample_5,4708,T0349,standard,12.03,False
sample_5,4708,T0350,priority,1.66,True
sample_5,4708,T0351,standard,16.52,False
sample_5,4708,T0352,standard,18.01,False
sample_5,4708,T0353,priority,5.44,True
sample_5,4708,T0354,standard,17.02,False
sample_5,4708,T0355,standard,12.76,False
sample_5,4708,T0356,standard,18.94,False
sample_5,4708,T0357,priority,7.32,True
sample_5,4708,T0358,standard,7.54,True
sample_5,4708,T0359,priority,5.29,True
sample_5,4708,T0360,standard,21.55,False
sample_5,4708,T0361,standard,17.83,False
sample_5,4708,T0362,standard,22.03,False
sample_5,4708,T0363,standard,27.27,False
sample_5,4708,T0364,standard,30.0,False
sample_5,4708,T0365,priority,4.2,True
sample_5,4708,T0366,standard,21.84,False
sample_5,4708,T0367,standard,14.0,False
sample_5,4708,T0368,standard,29.23,False
sample_5,4708,T0369,standard,20.26,False
sample_5,4708,T0370,standard,9.65,True
sample_5,4708,T0371,priority,5.49,True
sample_5,4708,T0372,standard,3.68,True
sample_5,4708,T0373,standard,35.01,False
sample_5,4708,T0374,priority,4.0,True
sample_5,4708,T0375,priority,1.96,True
sample_5,4708,T0376,priority,4.66,True
sample_5,4708,T0377,priority,2.83,True
sample_5,4708,T0378,standard,11.59,False
sample_5,4708,T0379,standard,11.26,False
sample_5,4708,T0380,standard,26.62,False
sample_5,4708,T0381,priority,9.41,True
sample_5,4708,T0382,priority,0.94,True
sample_5,4708,T0383,priority,3.32,True
sample_5,4708,T0384,standard,9.09,True
sample_5,4708,T0385,standard,19.18,False
sample_5,4708,T0386,standard,18.8,False
sample_5,4708,T0387,standard,13.67,False
sample_5,4708,T0388,priority,4.75,True
sample_5,4708,T0389,priority,1.26,True
sample_5,4708,T0390,standard,13.59,False
sample_5,4708,T0391,priority,6.38,True
sample_5,4708,T0392,standard,22.04,False
sample_5,4708,T0393,priority,5.08,True
sample_5,4708,T0394,priority,4.19,True
sample_5,4708,T0395,standard,34.98,False
sample_5,4708,T0396,priority,7.96,True
sample_5,4708,T0397,standard,1.65,True
sample_5,4708,T0398,standard,5.08,True
sample_5,4708,T0399,standard,26.71,False
sample_5,4708,T0400,standard,10.38,False
sample_5,4708,T0401,standard,7.81,True
sample_5,4708,T0402,standard,3.91,True
sample_5,4708,T0403,standard,18.58,False
sample_5,4708,T0404,standard,15.91,False
sample_5,4708,T0405,standard,3.8,True
sample_5,4708,T0406,priority,4.48,True
sample_5,4708,T0407,standard,5.84,True
sample_5,4708,T0408,priority,6.26,True
sample_5,4708,T0409,priority,3.27,True
sample_5,4708,T0410,standard,26.88,False
sample_5,4708,T0411,priority,12.37,False
sample_5,4708,T0412,standard,7.47,True
sample_5,4708,T0413,standard,21.04,False
sample_5,4708,T0414,standard,2.54,True
sample_5,4708,T0415,standard,12.88,False
sample_5,4708,T0416,standard,7.02,True
sample_5,4708,T0417,priority,10.6,False
sample_5,4708,T0418,standard,8.78,True
sample_5,4708,T0419,standard,17.75,False
sample_5,4708,T0420,standard,19.42,False
sample_5,4708,T0421,standard,24.67,False
sample_5,4708,T0422,standard,6.22,True
sample_5,4708,T0423,priority,19.75,False
sample_5,4708,T0424,standard,15.67,False
sample_5,4708,T0425,priority,6.07,True
sample_5,4708,T0426,standard,9.7,True
sample_5,4708,T0427,standard,15.48,False
sample_5,4708,T0428,standard,13.62,False
sample_5,4708,T0429,priority,1.82,True
sample_5,4708,T0430,priority,4.2,True
sample_5,4708,T0431,priority,4.06,True
sample_5,4708,T0432,standard,15.96,False
sample_5,4708,T0433,standard,26.7,False
sample_5,4708,T0434,priority,4.55,True
sample_5,4708,T0435,standard,15.74,False
sample_5,4708,T0436,priority,1.27,True
sample_5,4708,T0437,priority,4.48,True
sample_5,4708,T0438,standard,28.62,False
sample_5,4708,T0439,standard,30.59,False
sample_5,4708,T0440,standard,5.26,True
sample_5,4708,T0441,standard,1.37,True
sample_5,4708,T0442,standard,2.57,True
sample_5,4708,T0443,standard,9.07,True
sample_5,4708,T0444,standard,23.59,False
sample_5,4708,T0445,standard,29.42,False
sample_5,4708,T0446,priority,5.13,True
sample_5,4708,T0447,priority,5.68,True
sample_5,4708,T0448,standard,13.37,False
sample_5,4708,T0449,standard,20.99,False
sample_5,4708,T0450,standard,23.7,False
sample_5,4708,T0451,standard,12.55,False
sample_5,4708,T0452,standard,12.5,False
sample_5,4708,T0453,standard,26.41,False
sample_5,4708,T0454,standard,20.28,False
sample_5,4708,T0455,standard,12.11,False
sample_5,4708,T0456,standard,3.68,True
sample_5,4708,T0457,standard,16.03,False
sample_5,4708,T0458,priority,3.89,True
sample_5,4708,T0459,standard,19.16,False
sample_5,4708,T0460,standard,3.88,True
sample_5,4708,T0461,priority,7.52,True
sample_5,4708,T0462,standard,6.68,True
sample_5,4708,T0463,standard,3.48,True
sample_5,4708,T0464,standard,1.21,True
sample_5,4708,T0465,standard,9.17,True
sample_5,4708,T0466,priority,1.66,True
sample_5,4708,T0467,priority,7.2,True
sample_5,4708,T0468,standard,8.94,True
sample_5,4708,T0469,priority,5.31,True
sample_5,4708,T0470,standard,26.56,False
sample_5,4708,T0471,standard,10.2,False
sample_5,4708,T0472,standard,4.69,True
sample_5,4708,T0473,standard,8.29,True
sample_5,4708,T0474,standard,5.21,True
sample_5,4708,T0475,priority,10.09,False
sample_5,4708,T0476,standard,3.27,True
sample_5,4708,T0477,priority,4.99,True
sample_5,4708,T0478,priority,6.35,True
sample_5,4708,T0479,priority,7.38,True
sample_5,4708,T0480,priority,5.91,True
sample_5,4708,T0481,standard,17.18,False
sample_5,4708,T0482,standard,20.03,False
sample_5,4708,T0483,standard,19.45,False
sample_5,4708,T0484,standard,5.84,True
sample_5,4708,T0485,standard,17.38,False
sample_5,4708,T0486,standard,4.5,True
sample_5,4708,T0487,standard,9.03,True
sample_5,4708,T0488,priority,4.78,True
sample_5,4708,T0489,priority,2.94,True
sample_5,4708,T0490,priority,9.2,True
sample_5,4708,T0491,standard,15.99,False
sample_5,4708,T0492,standard,13.88,False
sample_5,4708,T0493,priority,0.94,True
sample_5,4708,T0494,priority,5.2,True
sample_5,4708,T0495,standard,3.15,True
sample_5,4708,T0496,standard,16.58,False
sample_5,4708,T0497,standard,2.35,True
sample_5,4708,T0498,standard,0.83,True
sample_5,4708,T0499,standard,17.2,False
sample_5,4708,T0500,standard,13.02,False
