sample_id,seed,observation_id,x,y,group
sample_1,710,N0001,-2.157,5.015,left_branch
sample_1,710,N0002,-3.282,10.259,left_branch
sample_1,710,N0003,1.925,3.957,right_branch
sample_1,710,N0004,-1.652,2.344,left_branch
sample_1,710,N0005,3.669,15.446,right_branch
sample_1,710,N0006,-3.846,15.895,left_branch
sample_1,710,N0007,3.524,13.304,right_branch
sample_1,710,N0008,-3.261,11.545,left_branch
sample_1,710,N0009,-2.887,9.789,left_branch
sample_1,710,N0010,0.73,0.822,right_branch
sample_1,710,N0011,-3.935,14.892,left_branch
sample_1,710,N0012,-1.391,2.641,left_branch
sample_1,710,N0013,0.282,-0.164,right_branch
sample_1,710,N0014,0.203,-0.39,right_branch
sample_1,710,N0015,1.382,1.223,right_branch
sample_1,710,N0016,-3.925,15.73,left_branch
sample_1,710,N0017,-0.424,-0.838,left_branch
sample_1,710,N0018,-3.198,10.454,left_branch
sample_1,710,N0019,-3.274,11.859,left_branch
sample_1,710,N0020,0.25,0.473,right_branch
sample_1,710,N0021,-3.006,9.084,left_branch
sample_1,710,N0022,-2.631,5.789,left_branch
sample_1,710,N0023,0.941,0.773,right_branch
sample_1,710,N0024,-3.995,14.502,left_branch
sample_1,710,N0025,0.069,2.09,right_branch
sample_1,710,N0026,0.977,1.787,right_branch
sample_1,710,N0027,-3.75,11.874,left_branch
sample_1,710,N0028,-3.371,12.1,left_branch
sample_1,710,N0029,-1.499,2.728,left_branch
sample_1,710,N0030,-2.084,6.442,left_branch
sample_1,710,N0031,-0.658,1.877,left_branch
sample_1,710,N0032,-2.084,6.251,left_branch
sample_1,710,N0033,2.411,4.818,right_branch
sample_1,710,N0034,-1.876,3.951,left_branch
sample_1,710,N0035,-3.972,16.434,left_branch
sample_1,710,N0036,1.842,3.022,right_branch
sample_1,710,N0037,-2.433,6.714,left_branch
sample_1,710,N0038,3.237,10.782,right_branch
sample_1,710,N0039,-2.849,8.805,left_branch
sample_1,710,N0040,-3.81,14.455,left_branch
sample_1,710,N0041,-2.475,3.309,left_branch
sample_1,710,N0042,1.854,4.49,right_branch
sample_1,710,N0043,3.646,13.518,right_branch
sample_1,710,N0044,2.585,6.922,right_branch
sample_1,710,N0045,-3.88,14.276,left_branch
sample_1,710,N0046,-1.568,2.623,left_branch
sample_1,710,N0047,2.161,5.45,right_branch
sample_1,710,N0048,0.272,1.81,right_branch
sample_1,710,N0049,-3.061,8.261,left_branch
sample_1,710,N0050,3.136,9.437,right_branch
sample_1,710,N0051,-2.724,6.961,left_branch
sample_1,710,N0052,-1.302,1.336,left_branch
sample_1,710,N0053,2.305,6.336,right_branch
sample_1,710,N0054,-0.571,0.526,left_branch
sample_1,710,N0055,-0.741,0.645,left_branch
sample_1,710,N0056,3.389,9.408,right_branch
sample_1,710,N0057,1.29,0.821,right_branch
sample_1,710,N0058,3.952,15.396,right_branch
sample_1,710,N0059,0.722,0.718,right_branch
sample_1,710,N0060,0.78,1.57,right_branch
sample_1,710,N0061,1.185,1.61,right_branch
sample_1,710,N0062,3.832,17.163,right_branch
sample_1,710,N0063,1.83,2.125,right_branch
sample_1,710,N0064,-3.49,12.384,left_branch
sample_1,710,N0065,2.331,5.65,right_branch
sample_1,710,N0066,3.842,15.667,right_branch
sample_1,710,N0067,2.986,7.237,right_branch
sample_1,710,N0068,-2.891,8.452,left_branch
sample_1,710,N0069,0.306,1.785,right_branch
sample_1,710,N0070,3.783,12.722,right_branch
sample_1,710,N0071,1.856,3.1,right_branch
sample_1,710,N0072,3.964,14.921,right_branch
sample_1,710,N0073,2.465,5.87,right_branch
sample_1,710,N0074,3.343,11.267,right_branch
sample_1,710,N0075,-2.707,7.164,left_branch
sample_1,710,N0076,-0.298,1.27,left_branch
sample_1,710,N0077,0.423,0.595,right_branch
sample_1,710,N0078,-0.667,2.49,left_branch
sample_1,710,N0079,3.732,14.812,right_branch
sample_1,710,N0080,3.894,15.677,right_branch
sample_1,710,N0081,3.343,11.977,right_branch
sample_1,710,N0082,3.079,10.538,right_branch
sample_1,710,N0083,-2.342,6.117,left_branch
sample_1,710,N0084,1.562,1.942,right_branch
sample_1,710,N0085,2.374,7.148,right_branch
sample_1,710,N0086,-2.625,6.405,left_branch
sample_1,710,N0087,-1.001,0.583,left_branch
sample_1,710,N0088,-2.483,4.917,left_branch
sample_1,710,N0089,2.158,5.997,right_branch
sample_1,710,N0090,-0.237,-2.163,left_branch
sample_1,710,N0091,2.849,5.467,right_branch
sample_1,710,N0092,3.425,12.87,right_branch
sample_1,710,N0093,-3.464,13.588,left_branch
sample_1,710,N0094,3.765,15.227,right_branch
sample_1,710,N0095,-2.197,6.972,left_branch
sample_1,710,N0096,-2.695,6.299,left_branch
sample_1,710,N0097,-3.654,14.27,left_branch
sample_1,710,N0098,-0.126,-0.046,left_branch
sample_1,710,N0099,-0.23,-2.096,left_branch
sample_1,710,N0100,2.173,7.142,right_branch
sample_1,710,N0101,3.794,16.226,right_branch
sample_1,710,N0102,3.983,17.092,right_branch
sample_1,710,N0103,-2.16,5.688,left_branch
sample_1,710,N0104,-0.165,0.999,left_branch
sample_1,710,N0105,1.142,1.533,right_branch
sample_1,710,N0106,-0.52,1.03,left_branch
sample_1,710,N0107,-3.117,7.831,left_branch
sample_1,710,N0108,3.991,16.422,right_branch
sample_1,710,N0109,2.805,5.023,right_branch
sample_1,710,N0110,3.035,9.377,right_branch
sample_1,710,N0111,3.559,12.505,right_branch
sample_1,710,N0112,-2.196,5.38,left_branch
sample_1,710,N0113,-3.011,7.908,left_branch
sample_1,710,N0114,3.974,14.752,right_branch
sample_1,710,N0115,0.324,-0.206,right_branch
sample_1,710,N0116,-2.563,6.734,left_branch
sample_1,710,N0117,-3.972,15.146,left_branch
sample_1,710,N0118,0.884,-0.488,right_branch
sample_1,710,N0119,0.105,-0.886,right_branch
sample_1,710,N0120,-2.101,4.949,left_branch
sample_1,710,N0121,3.882,14.861,right_branch
sample_1,710,N0122,-2.276,4.015,left_branch
sample_1,710,N0123,-2.786,7.905,left_branch
sample_1,710,N0124,-2.305,5.093,left_branch
sample_1,710,N0125,1.327,1.354,right_branch
sample_1,710,N0126,-2.337,5.925,left_branch
sample_1,710,N0127,-1.923,3.733,left_branch
sample_1,710,N0128,-1.13,0.748,left_branch
sample_1,710,N0129,0.692,1.681,right_branch
sample_1,710,N0130,3.87,16.193,right_branch
sample_1,710,N0131,2.534,7.337,right_branch
sample_1,710,N0132,2.588,4.382,right_branch
sample_1,710,N0133,2.088,6.769,right_branch
sample_1,710,N0134,1.819,3.707,right_branch
sample_1,710,N0135,3.038,10.373,right_branch
sample_1,710,N0136,3.173,7.73,right_branch
sample_1,710,N0137,-3.959,16.804,left_branch
sample_1,710,N0138,-2.333,7.86,left_branch
sample_1,710,N0139,-0.569,0.877,left_branch
sample_1,710,N0140,2.826,8.136,right_branch
sample_1,710,N0141,-3.048,10.173,left_branch
sample_1,710,N0142,0.108,-1.856,right_branch
sample_1,710,N0143,-1.418,2.529,left_branch
sample_1,710,N0144,-2.21,5.242,left_branch
sample_1,710,N0145,-2.924,8.38,left_branch
sample_1,710,N0146,-0.591,2.183,left_branch
sample_1,710,N0147,-0.386,-1.301,left_branch
sample_1,710,N0148,-0.22,0.558,left_branch
sample_1,710,N0149,-2.18,6.222,left_branch
sample_1,710,N0150,1.946,3.552,right_branch
sample_1,710,N0151,-1.352,1.454,left_branch
sample_1,710,N0152,-1.074,-0.615,left_branch
sample_1,710,N0153,-3.785,13.956,left_branch
sample_1,710,N0154,0.304,-1.016,right_branch
sample_1,710,N0155,2.987,9.593,right_branch
sample_1,710,N0156,-3.005,6.894,left_branch
sample_1,710,N0157,-1.073,4.291,left_branch
sample_1,710,N0158,1.41,3.437,right_branch
sample_1,710,N0159,-1.899,4.159,left_branch
sample_1,710,N0160,1.053,0.975,right_branch
sample_1,710,N0161,2.426,4.83,right_branch
sample_1,710,N0162,-0.174,-1.775,left_branch
sample_1,710,N0163,-3.322,12.895,left_branch
sample_1,710,N0164,2.717,5.406,right_branch
sample_1,710,N0165,3.095,9.378,right_branch
sample_1,710,N0166,0.535,1.478,right_branch
sample_1,710,N0167,1.67,4.494,right_branch
sample_1,710,N0168,-2.472,7.173,left_branch
sample_1,710,N0169,-1.154,0.331,left_branch
sample_1,710,N0170,3.873,13.564,right_branch
sample_1,710,N0171,1.446,1.196,right_branch
sample_1,710,N0172,1.973,4.788,right_branch
sample_1,710,N0173,1.585,2.923,right_branch
sample_1,710,N0174,2.636,7.236,right_branch
sample_1,710,N0175,-3.045,10.676,left_branch
sample_1,710,N0176,0.637,-0.025,right_branch
sample_1,710,N0177,2.679,9.045,right_branch
sample_1,710,N0178,-3.226,9.633,left_branch
sample_1,710,N0179,-1.973,3.221,left_branch
sample_1,710,N0180,1.424,1.21,right_branch
sample_1,710,N0181,-0.702,0.674,left_branch
sample_1,710,N0182,3.623,15.079,right_branch
sample_1,710,N0183,-3.504,13.699,left_branch
sample_1,710,N0184,-1.609,2.216,left_branch
sample_1,710,N0185,1.677,3.137,right_branch
sample_1,710,N0186,-1.192,0.417,left_branch
sample_1,710,N0187,3.143,12.761,right_branch
sample_1,710,N0188,2.262,4.064,right_branch
sample_1,710,N0189,0.583,2.525,right_branch
sample_1,710,N0190,1.421,1.434,right_branch
sample_1,710,N0191,-0.816,-1.182,left_branch
sample_1,710,N0192,-3.831,13.823,left_branch
sample_1,710,N0193,-2.775,7.314,left_branch
sample_1,710,N0194,1.928,5.351,right_branch
sample_1,710,N0195,2.823,8.626,right_branch
sample_1,710,N0196,3.632,10.974,right_branch
sample_1,710,N0197,-1.01,-0.86,left_branch
sample_1,710,N0198,-1.782,3.351,left_branch
sample_1,710,N0199,0.78,1.331,right_branch
sample_1,710,N0200,2.221,4.362,right_branch
sample_1,710,N0201,1.107,0.378,right_branch
sample_1,710,N0202,1.384,4.855,right_branch
sample_1,710,N0203,-0.741,0.855,left_branch
sample_1,710,N0204,0.49,1.815,right_branch
sample_1,710,N0205,3.093,9.126,right_branch
sample_1,710,N0206,3.865,13.462,right_branch
sample_1,710,N0207,1.67,3.354,right_branch
sample_1,710,N0208,0.983,-1.02,right_branch
sample_1,710,N0209,-2.874,6.629,left_branch
sample_1,710,N0210,-2.823,7.998,left_branch
sample_1,710,N0211,-1.827,1.852,left_branch
sample_1,710,N0212,-1.575,2.343,left_branch
sample_1,710,N0213,-1.095,2.02,left_branch
sample_1,710,N0214,1.592,2.678,right_branch
sample_1,710,N0215,-1.341,1.433,left_branch
sample_1,710,N0216,-0.861,1.471,left_branch
sample_1,710,N0217,2.277,2.927,right_branch
sample_1,710,N0218,2.136,4.019,right_branch
sample_1,710,N0219,3.291,9.819,right_branch
sample_1,710,N0220,-3.566,15.548,left_branch
sample_1,710,N0221,2.549,6.788,right_branch
sample_1,710,N0222,-1.859,1.853,left_branch
sample_1,710,N0223,0.542,-2.595,right_branch
sample_1,710,N0224,1.96,1.409,right_branch
sample_1,710,N0225,1.506,3.031,right_branch
sample_1,710,N0226,2.884,8.06,right_branch
sample_1,710,N0227,-2.675,6.986,left_branch
sample_1,710,N0228,3.998,17.557,right_branch
sample_1,710,N0229,-1.081,2.66,left_branch
sample_1,710,N0230,1.344,0.812,right_branch
sample_1,710,N0231,-2.133,4.559,left_branch
sample_1,710,N0232,0.552,-0.603,right_branch
sample_1,710,N0233,2.15,3.975,right_branch
sample_1,710,N0234,1.561,2.219,right_branch
sample_1,710,N0235,-3.562,11.225,left_branch
sample_1,710,N0236,-3.961,14.709,left_branch
sample_1,710,N0237,-0.854,-1.13,left_branch
sample_1,710,N0238,-2.709,7.796,left_branch
sample_1,710,N0239,0.675,0.986,right_branch
sample_1,710,N0240,-1.547,2.915,left_branch
sample_1,710,N0241,2.204,5.147,right_branch
sample_1,710,N0242,1.291,1.795,right_branch
sample_1,710,N0243,0.162,1.353,right_branch
sample_1,710,N0244,3.914,13.293,right_branch
sample_1,710,N0245,0.9,0.203,right_branch
sample_1,710,N0246,-0.751,1.24,left_branch
sample_1,710,N0247,3.81,14.39,right_branch
sample_1,710,N0248,-3.716,16.407,left_branch
sample_1,710,N0249,-2.264,3.848,left_branch
sample_1,710,N0250,-0.063,1.404,left_branch
sample_1,710,N0251,-1.659,1.254,left_branch
sample_1,710,N0252,3.88,15.692,right_branch
sample_1,710,N0253,1.324,1.478,right_branch
sample_1,710,N0254,-0.831,2.399,left_branch
sample_1,710,N0255,-3.024,9.832,left_branch
sample_1,710,N0256,1.795,4.115,right_branch
sample_1,710,N0257,-1.766,2.537,left_branch
sample_1,710,N0258,2.346,7.958,right_branch
sample_1,710,N0259,-1.518,3.743,left_branch
sample_1,710,N0260,0.224,-1.323,right_branch
sample_1,710,N0261,7.5,2.0,outlier_group
sample_1,710,N0262,8.0,1.0,outlier_group
sample_1,710,N0263,8.5,3.0,outlier_group
sample_1,710,N0264,9.0,2.5,outlier_group
sample_2,1710,N0001,1.074,0.371,right_branch
sample_2,1710,N0002,-1.909,5.203,left_branch
sample_2,1710,N0003,0.807,0.94,right_branch
sample_2,1710,N0004,-3.427,12.695,left_branch
sample_2,1710,N0005,-3.601,14.017,left_branch
sample_2,1710,N0006,0.116,-0.613,right_branch
sample_2,1710,N0007,-1.299,1.547,left_branch
sample_2,1710,N0008,0.312,0.759,right_branch
sample_2,1710,N0009,-3.071,6.786,left_branch
sample_2,1710,N0010,2.882,8.007,right_branch
sample_2,1710,N0011,1.348,-1.002,right_branch
sample_2,1710,N0012,-2.426,6.397,left_branch
sample_2,1710,N0013,0.714,-1.321,right_branch
sample_2,1710,N0014,-0.575,1.236,left_branch
sample_2,1710,N0015,3.473,8.974,right_branch
sample_2,1710,N0016,1.473,1.935,right_branch
sample_2,1710,N0017,2.109,3.43,right_branch
sample_2,1710,N0018,1.302,1.163,right_branch
sample_2,1710,N0019,-1.663,3.456,left_branch
sample_2,1710,N0020,-3.107,9.598,left_branch
sample_2,1710,N0021,1.002,0.751,right_branch
sample_2,1710,N0022,1.707,1.543,right_branch
sample_2,1710,N0023,3.265,13.965,right_branch
sample_2,1710,N0024,2.521,6.215,right_branch
sample_2,1710,N0025,-1.579,2.668,left_branch
sample_2,1710,N0026,-1.479,1.806,left_branch
sample_2,1710,N0027,-0.162,0.313,left_branch
sample_2,1710,N0028,2.227,5.855,right_branch
sample_2,1710,N0029,2.102,3.478,right_branch
sample_2,1710,N0030,2.926,7.44,right_branch
sample_2,1710,N0031,0.653,-1.111,right_branch
sample_2,1710,N0032,-0.398,-1.33,left_branch
sample_2,1710,N0033,3.051,10.74,right_branch
sample_2,1710,N0034,-1.879,4.836,left_branch
sample_2,1710,N0035,-2.68,8.209,left_branch
sample_2,1710,N0036,-2.43,6.072,left_branch
sample_2,1710,N0037,2.074,3.793,right_branch
sample_2,1710,N0038,3.899,14.926,right_branch
sample_2,1710,N0039,1.949,4.045,right_branch
sample_2,1710,N0040,1.485,3.413,right_branch
sample_2,1710,N0041,-0.146,0.54,left_branch
sample_2,1710,N0042,0.024,-1.949,right_branch
sample_2,1710,N0043,-3.204,9.335,left_branch
sample_2,1710,N0044,1.095,1.529,right_branch
sample_2,1710,N0045,-1.469,2.477,left_branch
sample_2,1710,N0046,-0.692,0.224,left_branch
sample_2,1710,N0047,-2.331,4.912,left_branch
sample_2,1710,N0048,-3.366,11.563,left_branch
sample_2,1710,N0049,-0.291,1.252,left_branch
sample_2,1710,N0050,1.664,2.636,right_branch
sample_2,1710,N0051,2.124,4.277,right_branch
sample_2,1710,N0052,1.103,-0.178,right_branch
sample_2,1710,N0053,0.053,-0.035,right_branch
sample_2,1710,N0054,1.897,3.341,right_branch
sample_2,1710,N0055,0.015,0.148,right_branch
sample_2,1710,N0056,-2.903,9.137,left_branch
sample_2,1710,N0057,-3.344,12.482,left_branch
sample_2,1710,N0058,-3.865,15.939,left_branch
sample_2,1710,N0059,1.933,3.814,right_branch
sample_2,1710,N0060,1.735,3.761,right_branch
sample_2,1710,N0061,-0.469,0.006,left_branch
sample_2,1710,N0062,0.791,1.059,right_branch
sample_2,1710,N0063,-1.518,2.226,left_branch
sample_2,1710,N0064,2.661,5.602,right_branch
sample_2,1710,N0065,0.529,-0.034,right_branch
sample_2,1710,N0066,0.531,0.454,right_branch
sample_2,1710,N0067,0.823,0.032,right_branch
sample_2,1710,N0068,-1.715,3.487,left_branch
sample_2,1710,N0069,-1.725,2.875,left_branch
sample_2,1710,N0070,2.072,4.36,right_branch
sample_2,1710,N0071,-2.966,9.544,left_branch
sample_2,1710,N0072,1.165,-0.205,right_branch
sample_2,1710,N0073,1.187,3.381,right_branch
sample_2,1710,N0074,-3.302,10.589,left_branch
sample_2,1710,N0075,-2.741,6.593,left_branch
sample_2,1710,N0076,-2.703,5.842,left_branch
sample_2,1710,N0077,-0.177,-1.22,left_branch
sample_2,1710,N0078,-1.63,-0.071,left_branch
sample_2,1710,N0079,-0.494,0.427,left_branch
sample_2,1710,N0080,1.84,2.364,right_branch
sample_2,1710,N0081,0.82,2.367,right_branch
sample_2,1710,N0082,-0.521,0.379,left_branch
sample_2,1710,N0083,-2.369,4.463,left_branch
sample_2,1710,N0084,-0.336,-1.925,left_branch
sample_2,1710,N0085,1.455,3.976,right_branch
sample_2,1710,N0086,2.659,8.067,right_branch
sample_2,1710,N0087,1.881,2.579,right_branch
sample_2,1710,N0088,-1.126,-0.528,left_branch
sample_2,1710,N0089,-3.181,8.391,left_branch
sample_2,1710,N0090,0.77,1.119,right_branch
sample_2,1710,N0091,2.965,7.026,right_branch
sample_2,1710,N0092,-2.771,7.28,left_branch
sample_2,1710,N0093,0.546,-2.094,right_branch
sample_2,1710,N0094,-1.067,0.172,left_branch
sample_2,1710,N0095,2.653,6.93,right_branch
sample_2,1710,N0096,-0.189,1.756,left_branch
sample_2,1710,N0097,0.664,0.972,right_branch
sample_2,1710,N0098,-3.241,9.797,left_branch
sample_2,1710,N0099,1.131,2.228,right_branch
sample_2,1710,N0100,-1.808,-0.919,left_branch
sample_2,1710,N0101,1.31,1.604,right_branch
sample_2,1710,N0102,1.259,2.55,right_branch
sample_2,1710,N0103,3.326,10.789,right_branch
sample_2,1710,N0104,1.843,3.631,right_branch
sample_2,1710,N0105,-0.194,2.615,left_branch
sample_2,1710,N0106,-0.375,2.464,left_branch
sample_2,1710,N0107,-0.359,1.011,left_branch
sample_2,1710,N0108,-3.682,14.881,left_branch
sample_2,1710,N0109,-3.597,12.771,left_branch
sample_2,1710,N0110,-1.736,4.067,left_branch
sample_2,1710,N0111,3.548,12.442,right_branch
sample_2,1710,N0112,0.848,0.507,right_branch
sample_2,1710,N0113,-0.406,-0.135,left_branch
sample_2,1710,N0114,2.171,3.444,right_branch
sample_2,1710,N0115,-2.559,6.627,left_branch
sample_2,1710,N0116,2.232,4.835,right_branch
sample_2,1710,N0117,-3.37,12.821,left_branch
sample_2,1710,N0118,-1.803,2.66,left_branch
sample_2,1710,N0119,2.194,6.835,right_branch
sample_2,1710,N0120,-1.435,2.73,left_branch
sample_2,1710,N0121,-1.569,-0.03,left_branch
sample_2,1710,N0122,-1.541,1.508,left_branch
sample_2,1710,N0123,2.025,4.765,right_branch
sample_2,1710,N0124,-3.752,14.824,left_branch
sample_2,1710,N0125,1.399,2.299,right_branch
sample_2,1710,N0126,1.996,1.44,right_branch
sample_2,1710,N0127,1.209,1.729,right_branch
sample_2,1710,N0128,-0.971,-0.43,left_branch
sample_2,1710,N0129,-3.5,10.109,left_branch
sample_2,1710,N0130,0.588,-2.449,right_branch
sample_2,1710,N0131,3.923,14.809,right_branch
sample_2,1710,N0132,-2.408,6.692,left_branch
sample_2,1710,N0133,0.346,1.058,right_branch
sample_2,1710,N0134,1.144,3.152,right_branch
sample_2,1710,N0135,-3.337,11.604,left_branch
sample_2,1710,N0136,-2.365,4.949,left_branch
sample_2,1710,N0137,2.342,2.341,right_branch
sample_2,1710,N0138,0.682,0.635,right_branch
sample_2,1710,N0139,1.563,3.091,right_branch
sample_2,1710,N0140,3.206,8.264,right_branch
sample_2,1710,N0141,2.655,6.372,right_branch
sample_2,1710,N0142,-2.325,5.787,left_branch
sample_2,1710,N0143,3.105,7.101,right_branch
sample_2,1710,N0144,0.233,-1.068,right_branch
sample_2,1710,N0145,-0.978,2.775,left_branch
sample_2,1710,N0146,-2.018,2.904,left_branch
sample_2,1710,N0147,-2.904,10.684,left_branch
sample_2,1710,N0148,-3.528,11.652,left_branch
sample_2,1710,N0149,0.505,-0.629,right_branch
sample_2,1710,N0150,-1.247,2.804,left_branch
sample_2,1710,N0151,-2.901,8.989,left_branch
sample_2,1710,N0152,0.126,-0.644,right_branch
sample_2,1710,N0153,-0.74,0.868,left_branch
sample_2,1710,N0154,-0.321,-0.137,left_branch
sample_2,1710,N0155,1.332,2.51,right_branch
sample_2,1710,N0156,2.233,4.336,right_branch
sample_2,1710,N0157,2.143,4.625,right_branch
sample_2,1710,N0158,-1.641,5.146,left_branch
sample_2,1710,N0159,-2.534,4.826,left_branch
sample_2,1710,N0160,-1.989,3.193,left_branch
sample_2,1710,N0161,-3.517,12.957,left_branch
sample_2,1710,N0162,-1.124,2.093,left_branch
sample_2,1710,N0163,0.836,1.489,right_branch
sample_2,1710,N0164,2.747,8.429,right_branch
sample_2,1710,N0165,-2.87,8.283,left_branch
sample_2,1710,N0166,3.894,16.413,right_branch
sample_2,1710,N0167,-2.952,8.421,left_branch
sample_2,1710,N0168,3.22,9.5,right_branch
sample_2,1710,N0169,1.093,3.317,right_branch
sample_2,1710,N0170,-3.177,8.458,left_branch
sample_2,1710,N0171,0.847,2.825,right_branch
sample_2,1710,N0172,2.692,6.443,right_branch
sample_2,1710,N0173,-0.931,2.309,left_branch
sample_2,1710,N0174,-3.69,15.098,left_branch
sample_2,1710,N0175,2.58,3.756,right_branch
sample_2,1710,N0176,3.486,11.194,right_branch
sample_2,1710,N0177,-1.006,2.092,left_branch
sample_2,1710,N0178,3.615,11.427,right_branch
sample_2,1710,N0179,1.559,2.898,right_branch
sample_2,1710,N0180,0.963,0.479,right_branch
sample_2,1710,N0181,-0.179,0.907,left_branch
sample_2,1710,N0182,-0.849,-0.576,left_branch
sample_2,1710,N0183,-2.586,6.688,left_branch
sample_2,1710,N0184,-3.993,15.595,left_branch
sample_2,1710,N0185,0.822,1.089,right_branch
sample_2,1710,N0186,2.429,4.78,right_branch
sample_2,1710,N0187,3.561,12.143,right_branch
sample_2,1710,N0188,1.344,2.347,right_branch
sample_2,1710,N0189,3.405,13.457,right_branch
sample_2,1710,N0190,0.533,0.133,right_branch
sample_2,1710,N0191,0.055,-0.099,right_branch
sample_2,1710,N0192,-2.409,7.371,left_branch
sample_2,1710,N0193,-3.099,10.472,left_branch
sample_2,1710,N0194,-2.159,5.223,left_branch
sample_2,1710,N0195,-2.284,4.779,left_branch
sample_2,1710,N0196,2.235,5.434,right_branch
sample_2,1710,N0197,0.925,1.822,right_branch
sample_2,1710,N0198,-3.274,11.837,left_branch
sample_2,1710,N0199,1.941,4.328,right_branch
sample_2,1710,N0200,1.019,0.575,right_branch
sample_2,1710,N0201,-3.8,14.549,left_branch
sample_2,1710,N0202,1.603,2.803,right_branch
sample_2,1710,N0203,0.384,-0.585,right_branch
sample_2,1710,N0204,-3.487,13.854,left_branch
sample_2,1710,N0205,-0.221,0.002,left_branch
sample_2,1710,N0206,1.739,3.683,right_branch
sample_2,1710,N0207,3.113,8.22,right_branch
sample_2,1710,N0208,-0.379,-0.815,left_branch
sample_2,1710,N0209,3.929,16.688,right_branch
sample_2,1710,N0210,-0.557,1.233,left_branch
sample_2,1710,N0211,0.528,1.248,right_branch
sample_2,1710,N0212,-2.308,6.156,left_branch
sample_2,1710,N0213,-0.41,-0.274,left_branch
sample_2,1710,N0214,2.211,2.952,right_branch
sample_2,1710,N0215,-1.331,1.761,left_branch
sample_2,1710,N0216,2.136,4.281,right_branch
sample_2,1710,N0217,3.799,13.963,right_branch
sample_2,1710,N0218,-0.883,1.411,left_branch
sample_2,1710,N0219,1.254,4.488,right_branch
sample_2,1710,N0220,-1.676,2.887,left_branch
sample_2,1710,N0221,-1.681,2.821,left_branch
sample_2,1710,N0222,-2.63,5.735,left_branch
sample_2,1710,N0223,-2.097,4.16,left_branch
sample_2,1710,N0224,-3.782,14.538,left_branch
sample_2,1710,N0225,-2.582,6.82,left_branch
sample_2,1710,N0226,1.323,1.267,right_branch
sample_2,1710,N0227,-3.969,15.527,left_branch
sample_2,1710,N0228,-2.004,2.43,left_branch
sample_2,1710,N0229,-2.428,7.903,left_branch
sample_2,1710,N0230,-2.525,7.937,left_branch
sample_2,1710,N0231,-3.535,10.304,left_branch
sample_2,1710,N0232,0.97,-0.14,right_branch
sample_2,1710,N0233,1.796,4.46,right_branch
sample_2,1710,N0234,-3.977,16.113,left_branch
sample_2,1710,N0235,3.531,12.947,right_branch
sample_2,1710,N0236,0.88,1.145,right_branch
sample_2,1710,N0237,-1.344,2.531,left_branch
sample_2,1710,N0238,-0.904,1.763,left_branch
sample_2,1710,N0239,0.347,0.455,right_branch
sample_2,1710,N0240,3.055,10.217,right_branch
sample_2,1710,N0241,-0.19,2.331,left_branch
sample_2,1710,N0242,-3.256,10.408,left_branch
sample_2,1710,N0243,1.956,3.645,right_branch
sample_2,1710,N0244,0.354,1.291,right_branch
sample_2,1710,N0245,-2.789,7.669,left_branch
sample_2,1710,N0246,3.126,7.544,right_branch
sample_2,1710,N0247,0.43,-1.014,right_branch
sample_2,1710,N0248,-3.145,10.686,left_branch
sample_2,1710,N0249,-1.402,1.079,left_branch
sample_2,1710,N0250,-1.274,1.014,left_branch
sample_2,1710,N0251,-1.76,2.706,left_branch
sample_2,1710,N0252,0.856,1.35,right_branch
sample_2,1710,N0253,1.177,2.923,right_branch
sample_2,1710,N0254,-0.692,-0.261,left_branch
sample_2,1710,N0255,3.583,13.647,right_branch
sample_2,1710,N0256,3.264,10.042,right_branch
sample_2,1710,N0257,3.582,12.727,right_branch
sample_2,1710,N0258,-0.023,0.46,left_branch
sample_2,1710,N0259,-0.832,-0.071,left_branch
sample_2,1710,N0260,-1.853,3.943,left_branch
sample_2,1710,N0261,7.5,2.0,outlier_group
sample_2,1710,N0262,8.0,1.0,outlier_group
sample_2,1710,N0263,8.5,3.0,outlier_group
sample_2,1710,N0264,9.0,2.5,outlier_group
sample_3,2710,N0001,1.347,2.401,right_branch
sample_3,2710,N0002,-2.219,6.861,left_branch
sample_3,2710,N0003,3.467,13.215,right_branch
sample_3,2710,N0004,0.183,1.59,right_branch
sample_3,2710,N0005,-0.927,0.714,left_branch
sample_3,2710,N0006,1.477,2.164,right_branch
sample_3,2710,N0007,-2.454,7.571,left_branch
sample_3,2710,N0008,-3.079,8.829,left_branch
sample_3,2710,N0009,2.126,3.039,right_branch
sample_3,2710,N0010,-1.563,2.947,left_branch
sample_3,2710,N0011,2.738,7.969,right_branch
sample_3,2710,N0012,-3.343,11.045,left_branch
sample_3,2710,N0013,1.828,2.311,right_branch
sample_3,2710,N0014,0.865,1.382,right_branch
sample_3,2710,N0015,-1.882,3.608,left_branch
sample_3,2710,N0016,3.307,10.519,right_branch
sample_3,2710,N0017,-0.993,2.137,left_branch
sample_3,2710,N0018,2.278,5.859,right_branch
sample_3,2710,N0019,-0.976,0.651,left_branch
sample_3,2710,N0020,3.309,9.909,right_branch
sample_3,2710,N0021,2.878,8.045,right_branch
sample_3,2710,N0022,3.149,8.186,right_branch
sample_3,2710,N0023,2.981,9.996,right_branch
sample_3,2710,N0024,3.811,13.721,right_branch
sample_3,2710,N0025,-1.9,2.994,left_branch
sample_3,2710,N0026,-3.999,16.947,left_branch
sample_3,2710,N0027,-3.272,8.86,left_branch
sample_3,2710,N0028,2.279,5.805,right_branch
sample_3,2710,N0029,1.641,1.997,right_branch
sample_3,2710,N0030,-1.922,3.293,left_branch
sample_3,2710,N0031,1.377,2.206,right_branch
sample_3,2710,N0032,0.985,1.858,right_branch
sample_3,2710,N0033,3.141,9.893,right_branch
sample_3,2710,N0034,-1.576,4.616,left_branch
sample_3,2710,N0035,-0.577,0.152,left_branch
sample_3,2710,N0036,-2.447,5.085,left_branch
sample_3,2710,N0037,2.523,5.347,right_branch
sample_3,2710,N0038,1.11,0.464,right_branch
sample_3,2710,N0039,0.29,0.017,right_branch
sample_3,2710,N0040,-3.256,10.075,left_branch
sample_3,2710,N0041,0.2,0.292,right_branch
sample_3,2710,N0042,-3.78,13.301,left_branch
sample_3,2710,N0043,-2.633,8.006,left_branch
sample_3,2710,N0044,-3.762,14.232,left_branch
sample_3,2710,N0045,-0.996,1.284,left_branch
sample_3,2710,N0046,1.387,3.784,right_branch
sample_3,2710,N0047,-0.835,1.289,left_branch
sample_3,2710,N0048,1.088,2.192,right_branch
sample_3,2710,N0049,-3.631,13.444,left_branch
sample_3,2710,N0050,2.576,4.39,right_branch
sample_3,2710,N0051,-3.648,14.268,left_branch
sample_3,2710,N0052,2.847,8.476,right_branch
sample_3,2710,N0053,0.912,-1.647,right_branch
sample_3,2710,N0054,0.006,-1.055,right_branch
sample_3,2710,N0055,2.298,5.006,right_branch
sample_3,2710,N0056,3.615,13.045,right_branch
sample_3,2710,N0057,0.03,-1.761,right_branch
sample_3,2710,N0058,1.169,0.516,right_branch
sample_3,2710,N0059,-0.231,0.286,left_branch
sample_3,2710,N0060,-0.712,-1.48,left_branch
sample_3,2710,N0061,-1.323,0.738,left_branch
sample_3,2710,N0062,-0.66,-1.041,left_branch
sample_3,2710,N0063,-0.727,1.125,left_branch
sample_3,2710,N0064,0.809,0.857,right_branch
sample_3,2710,N0065,-1.922,4.568,left_branch
sample_3,2710,N0066,-3.99,15.744,left_branch
sample_3,2710,N0067,2.553,5.526,right_branch
sample_3,2710,N0068,-2.703,6.094,left_branch
sample_3,2710,N0069,1.604,2.119,right_branch
sample_3,2710,N0070,-3.838,12.848,left_branch
sample_3,2710,N0071,0.894,-1.766,right_branch
sample_3,2710,N0072,2.595,7.265,right_branch
sample_3,2710,N0073,-2.108,5.078,left_branch
sample_3,2710,N0074,3.041,9.136,right_branch
sample_3,2710,N0075,2.868,6.907,right_branch
sample_3,2710,N0076,1.61,2.198,right_branch
sample_3,2710,N0077,-0.787,3.7,left_branch
sample_3,2710,N0078,3.962,15.77,right_branch
sample_3,2710,N0079,2.948,7.019,right_branch
sample_3,2710,N0080,-3.003,8.965,left_branch
sample_3,2710,N0081,-0.218,0.206,left_branch
sample_3,2710,N0082,-3.718,15.775,left_branch
sample_3,2710,N0083,-3.979,18.668,left_branch
sample_3,2710,N0084,2.211,6.202,right_branch
sample_3,2710,N0085,-2.21,5.927,left_branch
sample_3,2710,N0086,2.683,7.077,right_branch
sample_3,2710,N0087,-3.061,9.423,left_branch
sample_3,2710,N0088,-0.645,1.03,left_branch
sample_3,2710,N0089,-1.848,4.8,left_branch
sample_3,2710,N0090,3.534,10.631,right_branch
sample_3,2710,N0091,3.895,15.42,right_branch
sample_3,2710,N0092,-3.157,10.188,left_branch
sample_3,2710,N0093,2.149,5.095,right_branch
sample_3,2710,N0094,-2.672,4.925,left_branch
sample_3,2710,N0095,-0.544,-1.479,left_branch
sample_3,2710,N0096,-3.203,10.04,left_branch
sample_3,2710,N0097,0.71,2.5,right_branch
sample_3,2710,N0098,-3.159,7.494,left_branch
sample_3,2710,N0099,-3.351,12.29,left_branch
sample_3,2710,N0100,-0.257,-0.288,left_branch
sample_3,2710,N0101,2.055,3.153,right_branch
sample_3,2710,N0102,2.335,7.895,right_branch
sample_3,2710,N0103,2.945,7.507,right_branch
sample_3,2710,N0104,1.194,1.22,right_branch
sample_3,2710,N0105,-2.215,4.939,left_branch
sample_3,2710,N0106,2.221,4.967,right_branch
sample_3,2710,N0107,3.941,14.93,right_branch
sample_3,2710,N0108,3.894,15.968,right_branch
sample_3,2710,N0109,-0.239,-1.431,left_branch
sample_3,2710,N0110,-0.479,0.402,left_branch
sample_3,2710,N0111,-0.01,-0.244,left_branch
sample_3,2710,N0112,0.93,2.396,right_branch
sample_3,2710,N0113,-1.819,5.848,left_branch
sample_3,2710,N0114,-2.904,8.19,left_branch
sample_3,2710,N0115,-3.843,13.906,left_branch
sample_3,2710,N0116,0.763,-1.165,right_branch
sample_3,2710,N0117,-0.333,-1.006,left_branch
sample_3,2710,N0118,-2.904,6.926,left_branch
sample_3,2710,N0119,2.395,5.421,right_branch
sample_3,2710,N0120,-0.775,0.94,left_branch
sample_3,2710,N0121,3.66,15.298,right_branch
sample_3,2710,N0122,-2.058,2.665,left_branch
sample_3,2710,N0123,1.267,1.716,right_branch
sample_3,2710,N0124,-3.162,7.948,left_branch
sample_3,2710,N0125,1.084,-0.682,right_branch
sample_3,2710,N0126,0.425,-1.092,right_branch
sample_3,2710,N0127,0.046,-0.165,right_branch
sample_3,2710,N0128,-3.684,12.743,left_branch
sample_3,2710,N0129,3.806,16.008,right_branch
sample_3,2710,N0130,-1.329,1.956,left_branch
sample_3,2710,N0131,-3.961,15.393,left_branch
sample_3,2710,N0132,2.993,8.819,right_branch
sample_3,2710,N0133,0.86,0.807,right_branch
sample_3,2710,N0134,3.467,12.57,right_branch
sample_3,2710,N0135,-0.978,3.875,left_branch
sample_3,2710,N0136,-0.315,-1.599,left_branch
sample_3,2710,N0137,0.931,0.926,right_branch
sample_3,2710,N0138,0.108,-0.822,right_branch
sample_3,2710,N0139,-2.662,5.511,left_branch
sample_3,2710,N0140,2.194,4.121,right_branch
sample_3,2710,N0141,0.106,0.961,right_branch
sample_3,2710,N0142,1.208,1.331,right_branch
sample_3,2710,N0143,3.0,8.347,right_branch
sample_3,2710,N0144,-1.678,5.176,left_branch
sample_3,2710,N0145,-0.76,0.288,left_branch
sample_3,2710,N0146,-3.057,9.174,left_branch
sample_3,2710,N0147,-2.604,7.192,left_branch
sample_3,2710,N0148,3.501,10.572,right_branch
sample_3,2710,N0149,1.082,-0.079,right_branch
sample_3,2710,N0150,2.928,7.576,right_branch
sample_3,2710,N0151,-3.727,13.572,left_branch
sample_3,2710,N0152,-1.777,3.749,left_branch
sample_3,2710,N0153,-0.076,1.579,left_branch
sample_3,2710,N0154,1.221,1.61,right_branch
sample_3,2710,N0155,3.271,10.765,right_branch
sample_3,2710,N0156,-3.614,12.32,left_branch
sample_3,2710,N0157,0.456,-0.211,right_branch
sample_3,2710,N0158,3.723,13.919,right_branch
sample_3,2710,N0159,2.349,3.92,right_branch
sample_3,2710,N0160,-1.752,4.21,left_branch
sample_3,2710,N0161,-1.076,0.866,left_branch
sample_3,2710,N0162,-3.93,17.027,left_branch
sample_3,2710,N0163,1.811,4.021,right_branch
sample_3,2710,N0164,-1.74,3.569,left_branch
sample_3,2710,N0165,0.611,1.459,right_branch
sample_3,2710,N0166,-2.58,6.356,left_branch
sample_3,2710,N0167,-1.863,3.226,left_branch
sample_3,2710,N0168,1.072,0.133,right_branch
sample_3,2710,N0169,-1.801,1.584,left_branch
sample_3,2710,N0170,-0.975,-0.269,left_branch
sample_3,2710,N0171,3.222,11.347,right_branch
sample_3,2710,N0172,3.365,12.769,right_branch
sample_3,2710,N0173,-1.501,3.27,left_branch
sample_3,2710,N0174,-1.282,-0.143,left_branch
sample_3,2710,N0175,-2.808,8.08,left_branch
sample_3,2710,N0176,1.827,5.588,right_branch
sample_3,2710,N0177,-3.809,14.749,left_branch
sample_3,2710,N0178,1.065,1.199,right_branch
sample_3,2710,N0179,3.128,11.089,right_branch
sample_3,2710,N0180,1.668,2.797,right_branch
sample_3,2710,N0181,-2.997,9.125,left_branch
sample_3,2710,N0182,-1.603,2.746,left_branch
sample_3,2710,N0183,-3.552,13.747,left_branch
sample_3,2710,N0184,0.974,2.919,right_branch
sample_3,2710,N0185,2.729,7.714,right_branch
sample_3,2710,N0186,-1.771,2.578,left_branch
sample_3,2710,N0187,-2.615,7.292,left_branch
sample_3,2710,N0188,-3.276,10.021,left_branch
sample_3,2710,N0189,0.412,1.428,right_branch
sample_3,2710,N0190,2.833,8.127,right_branch
sample_3,2710,N0191,-1.803,3.02,left_branch
sample_3,2710,N0192,-3.89,15.654,left_branch
sample_3,2710,N0193,2.49,5.835,right_branch
sample_3,2710,N0194,0.099,0.002,right_branch
sample_3,2710,N0195,2.376,5.09,right_branch
sample_3,2710,N0196,-0.816,0.712,left_branch
sample_3,2710,N0197,-3.412,12.241,left_branch
sample_3,2710,N0198,-2.438,6.007,left_branch
sample_3,2710,N0199,-2.395,6.957,left_branch
sample_3,2710,N0200,2.953,9.084,right_branch
sample_3,2710,N0201,-3.932,15.404,left_branch
sample_3,2710,N0202,-3.624,14.095,left_branch
sample_3,2710,N0203,3.739,11.477,right_branch
sample_3,2710,N0204,2.989,8.85,right_branch
sample_3,2710,N0205,2.881,7.041,right_branch
sample_3,2710,N0206,0.608,2.258,right_branch
sample_3,2710,N0207,1.564,1.684,right_branch
sample_3,2710,N0208,-3.29,12.465,left_branch
sample_3,2710,N0209,2.176,3.075,right_branch
sample_3,2710,N0210,0.314,1.313,right_branch
sample_3,2710,N0211,2.293,5.652,right_branch
sample_3,2710,N0212,-2.654,5.883,left_branch
sample_3,2710,N0213,3.03,9.309,right_branch
sample_3,2710,N0214,3.197,9.634,right_branch
sample_3,2710,N0215,3.878,13.826,right_branch
sample_3,2710,N0216,-3.414,11.375,left_branch
sample_3,2710,N0217,3.479,14.166,right_branch
sample_3,2710,N0218,3.466,11.678,right_branch
sample_3,2710,N0219,1.468,2.438,right_branch
sample_3,2710,N0220,2.176,5.32,right_branch
sample_3,2710,N0221,-3.143,8.854,left_branch
sample_3,2710,N0222,-2.482,7.23,left_branch
sample_3,2710,N0223,3.418,11.228,right_branch
sample_3,2710,N0224,3.266,13.625,right_branch
sample_3,2710,N0225,1.079,1.491,right_branch
sample_3,2710,N0226,0.08,1.565,right_branch
sample_3,2710,N0227,2.834,8.574,right_branch
sample_3,2710,N0228,1.997,4.797,right_branch
sample_3,2710,N0229,-2.752,8.213,left_branch
sample_3,2710,N0230,0.181,-2.805,right_branch
sample_3,2710,N0231,-3.246,11.483,left_branch
sample_3,2710,N0232,0.648,-0.219,right_branch
sample_3,2710,N0233,0.097,0.531,right_branch
sample_3,2710,N0234,-1.368,2.128,left_branch
sample_3,2710,N0235,1.544,1.509,right_branch
sample_3,2710,N0236,2.847,6.208,right_branch
sample_3,2710,N0237,-2.418,6.293,left_branch
sample_3,2710,N0238,1.233,0.338,right_branch
sample_3,2710,N0239,3.181,10.624,right_branch
sample_3,2710,N0240,-2.084,3.919,left_branch
sample_3,2710,N0241,-2.782,5.939,left_branch
sample_3,2710,N0242,-1.562,2.62,left_branch
sample_3,2710,N0243,2.017,2.3,right_branch
sample_3,2710,N0244,-1.032,2.128,left_branch
sample_3,2710,N0245,-2.298,5.081,left_branch
sample_3,2710,N0246,-0.819,2.655,left_branch
sample_3,2710,N0247,-3.36,11.613,left_branch
sample_3,2710,N0248,-1.825,4.066,left_branch
sample_3,2710,N0249,3.292,11.583,right_branch
sample_3,2710,N0250,3.924,17.679,right_branch
sample_3,2710,N0251,-0.366,0.396,left_branch
sample_3,2710,N0252,2.817,7.394,right_branch
sample_3,2710,N0253,-1.428,1.911,left_branch
sample_3,2710,N0254,2.349,4.068,right_branch
sample_3,2710,N0255,-0.536,-2.001,left_branch
sample_3,2710,N0256,-0.864,-0.079,left_branch
sample_3,2710,N0257,-1.697,2.814,left_branch
sample_3,2710,N0258,-0.633,0.817,left_branch
sample_3,2710,N0259,-1.66,1.938,left_branch
sample_3,2710,N0260,-1.688,1.892,left_branch
sample_3,2710,N0261,7.5,2.0,outlier_group
sample_3,2710,N0262,8.0,1.0,outlier_group
sample_3,2710,N0263,8.5,3.0,outlier_group
sample_3,2710,N0264,9.0,2.5,outlier_group
sample_4,3710,N0001,-0.664,0.556,left_branch
sample_4,3710,N0002,-0.302,-0.386,left_branch
sample_4,3710,N0003,3.726,13.794,right_branch
sample_4,3710,N0004,0.616,0.813,right_branch
sample_4,3710,N0005,2.564,5.75,right_branch
sample_4,3710,N0006,-3.767,15.156,left_branch
sample_4,3710,N0007,1.805,3.263,right_branch
sample_4,3710,N0008,1.75,4.071,right_branch
sample_4,3710,N0009,2.005,3.584,right_branch
sample_4,3710,N0010,-0.354,0.64,left_branch
sample_4,3710,N0011,0.342,0.967,right_branch
sample_4,3710,N0012,-1.811,1.755,left_branch
sample_4,3710,N0013,2.443,8.508,right_branch
sample_4,3710,N0014,0.87,1.302,right_branch
sample_4,3710,N0015,3.236,9.287,right_branch
sample_4,3710,N0016,-2.055,1.546,left_branch
sample_4,3710,N0017,-2.471,2.543,left_branch
sample_4,3710,N0018,-0.498,-1.653,left_branch
sample_4,3710,N0019,3.181,9.238,right_branch
sample_4,3710,N0020,-2.358,4.516,left_branch
sample_4,3710,N0021,1.395,0.947,right_branch
sample_4,3710,N0022,0.236,1.243,right_branch
sample_4,3710,N0023,-0.764,-0.223,left_branch
sample_4,3710,N0024,1.787,3.656,right_branch
sample_4,3710,N0025,-2.118,5.951,left_branch
sample_4,3710,N0026,1.309,-1.119,right_branch
sample_4,3710,N0027,-3.173,11.638,left_branch
sample_4,3710,N0028,-0.232,-1.911,left_branch
sample_4,3710,N0029,2.459,6.877,right_branch
sample_4,3710,N0030,0.968,1.731,right_branch
sample_4,3710,N0031,-3.047,10.598,left_branch
sample_4,3710,N0032,-3.71,13.263,left_branch
sample_4,3710,N0033,1.955,2.257,right_branch
sample_4,3710,N0034,-3.725,12.695,left_branch
sample_4,3710,N0035,-3.8,14.296,left_branch
sample_4,3710,N0036,-3.893,16.061,left_branch
sample_4,3710,N0037,-3.09,10.376,left_branch
sample_4,3710,N0038,-0.324,-2.038,left_branch
sample_4,3710,N0039,-2.128,4.085,left_branch
sample_4,3710,N0040,0.941,1.68,right_branch
sample_4,3710,N0041,-1.173,2.066,left_branch
sample_4,3710,N0042,1.806,3.884,right_branch
sample_4,3710,N0043,-3.796,14.224,left_branch
sample_4,3710,N0044,0.714,0.153,right_branch
sample_4,3710,N0045,-0.745,-0.633,left_branch
sample_4,3710,N0046,1.866,2.893,right_branch
sample_4,3710,N0047,-1.497,0.778,left_branch
sample_4,3710,N0048,-3.394,14.057,left_branch
sample_4,3710,N0049,-1.762,2.677,left_branch
sample_4,3710,N0050,-0.926,1.715,left_branch
sample_4,3710,N0051,-0.926,-0.55,left_branch
sample_4,3710,N0052,0.107,1.37,right_branch
sample_4,3710,N0053,1.754,4.329,right_branch
sample_4,3710,N0054,1.558,1.162,right_branch
sample_4,3710,N0055,-2.87,8.246,left_branch
sample_4,3710,N0056,3.117,6.66,right_branch
sample_4,3710,N0057,3.79,15.102,right_branch
sample_4,3710,N0058,2.032,3.684,right_branch
sample_4,3710,N0059,-2.702,6.426,left_branch
sample_4,3710,N0060,0.559,-0.065,right_branch
sample_4,3710,N0061,2.599,7.022,right_branch
sample_4,3710,N0062,3.747,13.749,right_branch
sample_4,3710,N0063,-3.782,13.746,left_branch
sample_4,3710,N0064,0.235,-0.861,right_branch
sample_4,3710,N0065,-3.499,13.734,left_branch
sample_4,3710,N0066,-1.686,4.057,left_branch
sample_4,3710,N0067,-3.612,12.212,left_branch
sample_4,3710,N0068,0.788,2.012,right_branch
sample_4,3710,N0069,-0.24,-1.201,left_branch
sample_4,3710,N0070,-2.18,4.818,left_branch
sample_4,3710,N0071,1.156,2.713,right_branch
sample_4,3710,N0072,-1.926,3.961,left_branch
sample_4,3710,N0073,-2.682,7.485,left_branch
sample_4,3710,N0074,-2.298,3.841,left_branch
sample_4,3710,N0075,2.841,10.076,right_branch
sample_4,3710,N0076,3.595,12.06,right_branch
sample_4,3710,N0077,-2.809,7.612,left_branch
sample_4,3710,N0078,2.688,6.168,right_branch
sample_4,3710,N0079,0.194,0.095,right_branch
sample_4,3710,N0080,-2.499,7.938,left_branch
sample_4,3710,N0081,0.606,0.485,right_branch
sample_4,3710,N0082,-1.208,2.709,left_branch
sample_4,3710,N0083,0.329,-0.91,right_branch
sample_4,3710,N0084,0.959,1.028,right_branch
sample_4,3710,N0085,-1.411,1.361,left_branch
sample_4,3710,N0086,-2.834,7.183,left_branch
sample_4,3710,N0087,-0.335,-1.497,left_branch
sample_4,3710,N0088,-0.928,0.997,left_branch
sample_4,3710,N0089,2.993,9.107,right_branch
sample_4,3710,N0090,3.42,12.574,right_branch
sample_4,3710,N0091,-1.9,3.274,left_branch
sample_4,3710,N0092,-3.491,10.573,left_branch
sample_4,3710,N0093,2.056,6.001,right_branch
sample_4,3710,N0094,-1.546,3.414,left_branch
sample_4,3710,N0095,1.334,1.216,right_branch
sample_4,3710,N0096,-0.534,-0.292,left_branch
sample_4,3710,N0097,1.2,3.011,right_branch
sample_4,3710,N0098,-2.368,9.087,left_branch
sample_4,3710,N0099,-0.832,-0.147,left_branch
sample_4,3710,N0100,-3.913,16.279,left_branch
sample_4,3710,N0101,-1.431,3.398,left_branch
sample_4,3710,N0102,-3.625,15.608,left_branch
sample_4,3710,N0103,-2.62,7.378,left_branch
sample_4,3710,N0104,2.055,2.395,right_branch
sample_4,3710,N0105,3.297,10.614,right_branch
sample_4,3710,N0106,0.676,-0.441,right_branch
sample_4,3710,N0107,-3.265,13.642,left_branch
sample_4,3710,N0108,1.122,0.556,right_branch
sample_4,3710,N0109,2.27,6.28,right_branch
sample_4,3710,N0110,3.78,16.111,right_branch
sample_4,3710,N0111,1.264,1.243,right_branch
sample_4,3710,N0112,-2.447,5.258,left_branch
sample_4,3710,N0113,0.392,0.086,right_branch
sample_4,3710,N0114,-0.668,0.888,left_branch
sample_4,3710,N0115,-1.693,2.41,left_branch
sample_4,3710,N0116,-3.329,12.447,left_branch
sample_4,3710,N0117,-0.722,0.929,left_branch
sample_4,3710,N0118,1.032,0.578,right_branch
sample_4,3710,N0119,2.053,3.708,right_branch
sample_4,3710,N0120,-3.39,9.6,left_branch
sample_4,3710,N0121,-2.101,5.65,left_branch
sample_4,3710,N0122,1.977,4.727,right_branch
sample_4,3710,N0123,2.908,7.004,right_branch
sample_4,3710,N0124,-3.151,10.756,left_branch
sample_4,3710,N0125,-2.231,6.945,left_branch
sample_4,3710,N0126,-0.541,-2.053,left_branch
sample_4,3710,N0127,3.69,13.813,right_branch
sample_4,3710,N0128,2.291,5.388,right_branch
sample_4,3710,N0129,-2.82,7.022,left_branch
sample_4,3710,N0130,-3.094,11.091,left_branch
sample_4,3710,N0131,-2.713,9.212,left_branch
sample_4,3710,N0132,2.708,6.648,right_branch
sample_4,3710,N0133,-1.841,3.466,left_branch
sample_4,3710,N0134,1.076,0.386,right_branch
sample_4,3710,N0135,1.567,2.244,right_branch
sample_4,3710,N0136,-2.75,7.951,left_branch
sample_4,3710,N0137,-2.984,9.001,left_branch
sample_4,3710,N0138,3.173,10.891,right_branch
sample_4,3710,N0139,3.275,10.742,right_branch
sample_4,3710,N0140,2.949,9.034,right_branch
sample_4,3710,N0141,3.451,12.424,right_branch
sample_4,3710,N0142,0.686,-0.247,right_branch
sample_4,3710,N0143,2.049,4.562,right_branch
sample_4,3710,N0144,-3.031,7.896,left_branch
sample_4,3710,N0145,0.588,0.817,right_branch
sample_4,3710,N0146,2.441,7.097,right_branch
sample_4,3710,N0147,0.173,1.026,right_branch
sample_4,3710,N0148,0.356,1.317,right_branch
sample_4,3710,N0149,1.181,2.87,right_branch
sample_4,3710,N0150,-2.347,6.356,left_branch
sample_4,3710,N0151,1.669,1.086,right_branch
sample_4,3710,N0152,2.917,8.0,right_branch
sample_4,3710,N0153,3.717,15.02,right_branch
sample_4,3710,N0154,-1.784,2.132,left_branch
sample_4,3710,N0155,3.939,14.743,right_branch
sample_4,3710,N0156,1.206,1.015,right_branch
sample_4,3710,N0157,3.548,13.102,right_branch
sample_4,3710,N0158,1.946,3.654,right_branch
sample_4,3710,N0159,-0.434,2.928,left_branch
sample_4,3710,N0160,2.728,9.317,right_branch
sample_4,3710,N0161,-2.725,7.036,left_branch
sample_4,3710,N0162,-3.272,10.332,left_branch
sample_4,3710,N0163,-3.017,9.719,left_branch
sample_4,3710,N0164,-0.877,2.09,left_branch
sample_4,3710,N0165,-0.875,1.366,left_branch
sample_4,3710,N0166,-2.886,9.015,left_branch
sample_4,3710,N0167,-1.297,1.479,left_branch
sample_4,3710,N0168,-0.188,1.806,left_branch
sample_4,3710,N0169,-0.793,-0.046,left_branch
sample_4,3710,N0170,0.761,-0.293,right_branch
sample_4,3710,N0171,-2.147,4.629,left_branch
sample_4,3710,N0172,-1.786,2.538,left_branch
sample_4,3710,N0173,3.998,16.457,right_branch
sample_4,3710,N0174,2.412,5.885,right_branch
sample_4,3710,N0175,1.379,1.283,right_branch
sample_4,3710,N0176,1.059,0.232,right_branch
sample_4,3710,N0177,0.095,-0.177,right_branch
sample_4,3710,N0178,-2.258,3.671,left_branch
sample_4,3710,N0179,-3.192,12.141,left_branch
sample_4,3710,N0180,0.216,-0.621,right_branch
sample_4,3710,N0181,-0.107,-1.552,left_branch
sample_4,3710,N0182,3.007,10.106,right_branch
sample_4,3710,N0183,-3.805,14.266,left_branch
sample_4,3710,N0184,-0.477,2.535,left_branch
sample_4,3710,N0185,1.504,1.213,right_branch
sample_4,3710,N0186,-0.14,-1.0,left_branch
sample_4,3710,N0187,1.37,-1.108,right_branch
sample_4,3710,N0188,-3.572,11.661,left_branch
sample_4,3710,N0189,2.951,9.698,right_branch
sample_4,3710,N0190,1.603,1.846,right_branch
sample_4,3710,N0191,0.36,-0.019,right_branch
sample_4,3710,N0192,-1.032,2.145,left_branch
sample_4,3710,N0193,0.563,1.625,right_branch
sample_4,3710,N0194,3.143,9.477,right_branch
sample_4,3710,N0195,1.678,3.882,right_branch
sample_4,3710,N0196,2.331,5.503,right_branch
sample_4,3710,N0197,3.404,12.045,right_branch
sample_4,3710,N0198,-2.447,6.66,left_branch
sample_4,3710,N0199,-2.883,7.218,left_branch
sample_4,3710,N0200,3.155,8.88,right_branch
sample_4,3710,N0201,3.702,14.282,right_branch
sample_4,3710,N0202,1.592,1.975,right_branch
sample_4,3710,N0203,0.868,-0.163,right_branch
sample_4,3710,N0204,2.652,7.71,right_branch
sample_4,3710,N0205,-3.602,12.657,left_branch
sample_4,3710,N0206,3.47,11.95,right_branch
sample_4,3710,N0207,-2.506,5.561,left_branch
sample_4,3710,N0208,3.121,8.388,right_branch
sample_4,3710,N0209,-0.172,0.455,left_branch
sample_4,3710,N0210,2.139,4.985,right_branch
sample_4,3710,N0211,0.148,-1.249,right_branch
sample_4,3710,N0212,-3.556,11.614,left_branch
sample_4,3710,N0213,0.063,-1.487,right_branch
sample_4,3710,N0214,-2.918,8.538,left_branch
sample_4,3710,N0215,-0.251,-0.355,left_branch
sample_4,3710,N0216,-1.484,0.335,left_branch
sample_4,3710,N0217,-1.598,2.173,left_branch
sample_4,3710,N0218,-0.278,-0.881,left_branch
sample_4,3710,N0219,0.155,0.129,right_branch
sample_4,3710,N0220,-2.333,5.94,left_branch
sample_4,3710,N0221,-3.416,11.637,left_branch
sample_4,3710,N0222,-0.98,1.084,left_branch
sample_4,3710,N0223,-1.631,3.887,left_branch
sample_4,3710,N0224,3.514,13.972,right_branch
sample_4,3710,N0225,0.187,-0.462,right_branch
sample_4,3710,N0226,-1.646,0.166,left_branch
sample_4,3710,N0227,0.961,-0.486,right_branch
sample_4,3710,N0228,-1.471,2.345,left_branch
sample_4,3710,N0229,1.137,0.817,right_branch
sample_4,3710,N0230,-1.622,2.839,left_branch
sample_4,3710,N0231,0.172,-0.473,right_branch
sample_4,3710,N0232,-0.823,-0.36,left_branch
sample_4,3710,N0233,-1.556,2.026,left_branch
sample_4,3710,N0234,0.48,2.456,right_branch
sample_4,3710,N0235,-3.155,9.819,left_branch
sample_4,3710,N0236,0.738,1.85,right_branch
sample_4,3710,N0237,-1.114,3.322,left_branch
sample_4,3710,N0238,-3.977,15.349,left_branch
sample_4,3710,N0239,2.344,4.327,right_branch
sample_4,3710,N0240,-3.9,15.429,left_branch
sample_4,3710,N0241,-3.831,16.991,left_branch
sample_4,3710,N0242,-0.981,1.666,left_branch
sample_4,3710,N0243,2.947,7.832,right_branch
sample_4,3710,N0244,-0.361,0.298,left_branch
sample_4,3710,N0245,3.842,15.568,right_branch
sample_4,3710,N0246,0.178,1.029,right_branch
sample_4,3710,N0247,0.591,-0.304,right_branch
sample_4,3710,N0248,-3.745,14.796,left_branch
sample_4,3710,N0249,2.248,3.813,right_branch
sample_4,3710,N0250,3.894,17.39,right_branch
sample_4,3710,N0251,-2.537,7.056,left_branch
sample_4,3710,N0252,0.503,-1.694,right_branch
sample_4,3710,N0253,1.554,4.423,right_branch
sample_4,3710,N0254,1.166,1.706,right_branch
sample_4,3710,N0255,3.32,10.596,right_branch
sample_4,3710,N0256,-1.118,-0.226,left_branch
sample_4,3710,N0257,3.179,8.562,right_branch
sample_4,3710,N0258,-3.497,13.278,left_branch
sample_4,3710,N0259,-1.642,0.639,left_branch
sample_4,3710,N0260,-0.801,-1.398,left_branch
sample_4,3710,N0261,7.5,2.0,outlier_group
sample_4,3710,N0262,8.0,1.0,outlier_group
sample_4,3710,N0263,8.5,3.0,outlier_group
sample_4,3710,N0264,9.0,2.5,outlier_group
sample_5,4710,N0001,3.345,9.189,right_branch
sample_5,4710,N0002,-1.962,5.124,left_branch
sample_5,4710,N0003,2.803,7.451,right_branch
sample_5,4710,N0004,-3.535,10.697,left_branch
sample_5,4710,N0005,-0.574,3.12,left_branch
sample_5,4710,N0006,-3.039,9.477,left_branch
sample_5,4710,N0007,-2.743,8.886,left_branch
sample_5,4710,N0008,-3.154,9.329,left_branch
sample_5,4710,N0009,3.1,10.594,right_branch
sample_5,4710,N0010,-3.275,10.991,left_branch
sample_5,4710,N0011,0.296,0.504,right_branch
sample_5,4710,N0012,2.5,4.986,right_branch
sample_5,4710,N0013,0.089,0.399,right_branch
sample_5,4710,N0014,1.955,6.28,right_branch
sample_5,4710,N0015,-2.803,6.302,left_branch
sample_5,4710,N0016,1.776,4.186,right_branch
sample_5,4710,N0017,2.719,7.241,right_branch
sample_5,4710,N0018,0.638,-0.035,right_branch
sample_5,4710,N0019,0.401,-0.579,right_branch
sample_5,4710,N0020,-3.711,13.601,left_branch
sample_5,4710,N0021,2.696,7.938,right_branch
sample_5,4710,N0022,-0.003,0.765,left_branch
sample_5,4710,N0023,-3.885,17.547,left_branch
sample_5,4710,N0024,0.338,-1.091,right_branch
sample_5,4710,N0025,0.729,1.357,right_branch
sample_5,4710,N0026,-3.462,12.789,left_branch
sample_5,4710,N0027,2.483,5.294,right_branch
sample_5,4710,N0028,0.237,-1.87,right_branch
sample_5,4710,N0029,-0.432,0.119,left_branch
sample_5,4710,N0030,0.411,-1.151,right_branch
sample_5,4710,N0031,-1.9,5.181,left_branch
sample_5,4710,N0032,3.606,11.299,right_branch
sample_5,4710,N0033,0.287,-0.713,right_branch
sample_5,4710,N0034,3.813,15.546,right_branch
sample_5,4710,N0035,-2.34,6.721,left_branch
sample_5,4710,N0036,2.169,4.563,right_branch
sample_5,4710,N0037,-3.669,12.908,left_branch
sample_5,4710,N0038,-0.158,-0.209,left_branch
sample_5,4710,N0039,-0.76,0.733,left_branch
sample_5,4710,N0040,-0.456,2.215,left_branch
sample_5,4710,N0041,2.456,4.975,right_branch
sample_5,4710,N0042,3.431,11.383,right_branch
sample_5,4710,N0043,-0.009,-0.159,left_branch
sample_5,4710,N0044,-2.681,7.567,left_branch
sample_5,4710,N0045,-2.063,4.649,left_branch
sample_5,4710,N0046,-0.883,0.351,left_branch
sample_5,4710,N0047,1.644,2.953,right_branch
sample_5,4710,N0048,-0.663,1.031,left_branch
sample_5,4710,N0049,-1.94,4.217,left_branch
sample_5,4710,N0050,0.625,-0.617,right_branch
sample_5,4710,N0051,2.774,6.351,right_branch
sample_5,4710,N0052,-2.569,6.507,left_branch
sample_5,4710,N0053,3.331,9.789,right_branch
sample_5,4710,N0054,0.593,0.118,right_branch
sample_5,4710,N0055,0.589,0.6,right_branch
sample_5,4710,N0056,-3.256,12.466,left_branch
sample_5,4710,N0057,1.36,2.421,right_branch
sample_5,4710,N0058,-1.15,1.031,left_branch
sample_5,4710,N0059,-0.432,0.164,left_branch
sample_5,4710,N0060,-3.581,10.923,left_branch
sample_5,4710,N0061,-1.926,3.079,left_branch
sample_5,4710,N0062,0.126,-1.88,right_branch
sample_5,4710,N0063,-0.021,0.127,left_branch
sample_5,4710,N0064,-2.965,8.062,left_branch
sample_5,4710,N0065,-0.279,0.244,left_branch
sample_5,4710,N0066,3.78,13.725,right_branch
sample_5,4710,N0067,-3.982,15.732,left_branch
sample_5,4710,N0068,2.573,3.508,right_branch
sample_5,4710,N0069,-3.722,14.638,left_branch
sample_5,4710,N0070,1.178,2.867,right_branch
sample_5,4710,N0071,0.071,0.319,right_branch
sample_5,4710,N0072,2.55,7.551,right_branch
sample_5,4710,N0073,0.092,2.291,right_branch
sample_5,4710,N0074,-2.61,6.236,left_branch
sample_5,4710,N0075,2.065,3.787,right_branch
sample_5,4710,N0076,-0.958,-1.517,left_branch
sample_5,4710,N0077,1.513,3.317,right_branch
sample_5,4710,N0078,-1.939,4.37,left_branch
sample_5,4710,N0079,0.2,2.515,right_branch
sample_5,4710,N0080,-0.266,-2.304,left_branch
sample_5,4710,N0081,3.187,8.979,right_branch
sample_5,4710,N0082,0.114,-0.013,right_branch
sample_5,4710,N0083,1.342,1.48,right_branch
sample_5,4710,N0084,1.825,5.85,right_branch
sample_5,4710,N0085,2.834,9.374,right_branch
sample_5,4710,N0086,3.089,9.404,right_branch
sample_5,4710,N0087,-1.073,2.274,left_branch
sample_5,4710,N0088,0.664,0.603,right_branch
sample_5,4710,N0089,-2.713,6.581,left_branch
sample_5,4710,N0090,-1.077,-0.078,left_branch
sample_5,4710,N0091,1.101,0.363,right_branch
sample_5,4710,N0092,-2.254,4.361,left_branch
sample_5,4710,N0093,2.97,8.612,right_branch
sample_5,4710,N0094,-3.423,11.72,left_branch
sample_5,4710,N0095,-3.553,11.719,left_branch
sample_5,4710,N0096,1.36,3.192,right_branch
sample_5,4710,N0097,2.043,2.25,right_branch
sample_5,4710,N0098,-0.256,-1.163,left_branch
sample_5,4710,N0099,-1.527,1.974,left_branch
sample_5,4710,N0100,2.727,7.079,right_branch
sample_5,4710,N0101,0.916,0.641,right_branch
sample_5,4710,N0102,3.024,9.09,right_branch
sample_5,4710,N0103,-1.037,-0.287,left_branch
sample_5,4710,N0104,3.962,14.729,right_branch
sample_5,4710,N0105,3.957,14.559,right_branch
sample_5,4710,N0106,3.571,11.67,right_branch
sample_5,4710,N0107,3.577,12.623,right_branch
sample_5,4710,N0108,3.437,13.322,right_branch
sample_5,4710,N0109,-3.838,15.613,left_branch
sample_5,4710,N0110,-0.774,-1.117,left_branch
sample_5,4710,N0111,-3.052,8.784,left_branch
sample_5,4710,N0112,-1.005,0.912,left_branch
sample_5,4710,N0113,-3.656,14.382,left_branch
sample_5,4710,N0114,-1.429,1.541,left_branch
sample_5,4710,N0115,2.558,5.839,right_branch
sample_5,4710,N0116,2.292,4.65,right_branch
sample_5,4710,N0117,1.229,2.481,right_branch
sample_5,4710,N0118,0.443,0.823,right_branch
sample_5,4710,N0119,-0.459,-1.286,left_branch
sample_5,4710,N0120,3.412,13.665,right_branch
sample_5,4710,N0121,3.034,8.808,right_branch
sample_5,4710,N0122,-0.241,0.305,left_branch
sample_5,4710,N0123,-1.689,3.074,left_branch
sample_5,4710,N0124,2.001,4.551,right_branch
sample_5,4710,N0125,-0.069,-0.072,left_branch
sample_5,4710,N0126,0.929,1.315,right_branch
sample_5,4710,N0127,0.34,0.199,right_branch
sample_5,4710,N0128,-1.376,1.934,left_branch
sample_5,4710,N0129,0.635,0.362,right_branch
sample_5,4710,N0130,-1.316,2.804,left_branch
sample_5,4710,N0131,-3.573,14.193,left_branch
sample_5,4710,N0132,3.793,14.648,right_branch
sample_5,4710,N0133,2.104,3.236,right_branch
sample_5,4710,N0134,3.938,18.334,right_branch
sample_5,4710,N0135,2.383,7.659,right_branch
sample_5,4710,N0136,-0.25,-0.628,left_branch
sample_5,4710,N0137,0.248,0.101,right_branch
sample_5,4710,N0138,1.977,2.49,right_branch
sample_5,4710,N0139,-3.522,11.985,left_branch
sample_5,4710,N0140,-1.259,2.538,left_branch
sample_5,4710,N0141,-0.039,-0.419,left_branch
sample_5,4710,N0142,-0.85,1.224,left_branch
sample_5,4710,N0143,3.574,10.358,right_branch
sample_5,4710,N0144,-3.502,12.87,left_branch
sample_5,4710,N0145,0.853,0.603,right_branch
sample_5,4710,N0146,0.539,0.178,right_branch
sample_5,4710,N0147,3.423,10.37,right_branch
sample_5,4710,N0148,3.591,13.983,right_branch
sample_5,4710,N0149,-3.409,12.996,left_branch
sample_5,4710,N0150,1.746,0.424,right_branch
sample_5,4710,N0151,-3.338,10.91,left_branch
sample_5,4710,N0152,-0.282,-0.887,left_branch
sample_5,4710,N0153,0.851,1.005,right_branch
sample_5,4710,N0154,3.437,11.719,right_branch
sample_5,4710,N0155,2.84,9.841,right_branch
sample_5,4710,N0156,3.212,9.263,right_branch
sample_5,4710,N0157,2.111,3.582,right_branch
sample_5,4710,N0158,0.997,2.07,right_branch
sample_5,4710,N0159,-3.942,14.958,left_branch
sample_5,4710,N0160,0.254,-0.596,right_branch
sample_5,4710,N0161,-2.841,10.022,left_branch
sample_5,4710,N0162,-0.692,-0.894,left_branch
sample_5,4710,N0163,-2.779,9.079,left_branch
sample_5,4710,N0164,1.653,2.854,right_branch
sample_5,4710,N0165,2.053,6.846,right_branch
sample_5,4710,N0166,1.551,2.641,right_branch
sample_5,4710,N0167,-3.379,9.885,left_branch
sample_5,4710,N0168,0.771,0.317,right_branch
sample_5,4710,N0169,3.468,12.063,right_branch
sample_5,4710,N0170,-1.188,1.276,left_branch
sample_5,4710,N0171,-3.501,13.358,left_branch
sample_5,4710,N0172,1.218,0.529,right_branch
sample_5,4710,N0173,-2.602,7.935,left_branch
sample_5,4710,N0174,3.009,7.464,right_branch
sample_5,4710,N0175,-2.966,10.474,left_branch
sample_5,4710,N0176,3.232,9.845,right_branch
sample_5,4710,N0177,0.564,1.619,right_branch
sample_5,4710,N0178,3.009,7.775,right_branch
sample_5,4710,N0179,3.085,9.237,right_branch
sample_5,4710,N0180,-1.892,4.315,left_branch
sample_5,4710,N0181,-1.662,3.69,left_branch
sample_5,4710,N0182,-2.108,3.84,left_branch
sample_5,4710,N0183,-1.422,0.499,left_branch
sample_5,4710,N0184,-2.98,8.613,left_branch
sample_5,4710,N0185,-3.467,13.098,left_branch
sample_5,4710,N0186,-0.37,-1.259,left_branch
sample_5,4710,N0187,1.565,2.77,right_branch
sample_5,4710,N0188,0.613,-1.552,right_branch
sample_5,4710,N0189,-2.017,2.808,left_branch
sample_5,4710,N0190,-1.58,3.518,left_branch
sample_5,4710,N0191,-1.291,-0.095,left_branch
sample_5,4710,N0192,-2.31,5.247,left_branch
sample_5,4710,N0193,2.325,4.3,right_branch
sample_5,4710,N0194,0.803,1.702,right_branch
sample_5,4710,N0195,3.993,17.93,right_branch
sample_5,4710,N0196,0.29,-0.867,right_branch
sample_5,4710,N0197,0.976,0.918,right_branch
sample_5,4710,N0198,-2.026,5.304,left_branch
sample_5,4710,N0199,-0.141,-0.834,left_branch
sample_5,4710,N0200,-3.541,11.564,left_branch
sample_5,4710,N0201,-3.047,8.093,left_branch
sample_5,4710,N0202,0.22,-2.789,right_branch
sample_5,4710,N0203,2.81,9.399,right_branch
sample_5,4710,N0204,3.375,12.113,right_branch
sample_5,4710,N0205,2.839,6.907,right_branch
sample_5,4710,N0206,-3.03,10.183,left_branch
sample_5,4710,N0207,0.364,-1.018,right_branch
sample_5,4710,N0208,2.457,4.879,right_branch
sample_5,4710,N0209,3.035,8.657,right_branch
sample_5,4710,N0210,-2.759,8.248,left_branch
sample_5,4710,N0211,-2.522,6.631,left_branch
sample_5,4710,N0212,3.855,14.543,right_branch
sample_5,4710,N0213,-1.399,0.9,left_branch
sample_5,4710,N0214,3.848,15.454,right_branch
sample_5,4710,N0215,-0.97,1.853,left_branch
sample_5,4710,N0216,-3.46,10.309,left_branch
sample_5,4710,N0217,-2.555,5.932,left_branch
sample_5,4710,N0218,0.033,0.337,right_branch
sample_5,4710,N0219,-1.377,3.223,left_branch
sample_5,4710,N0220,2.849,7.139,right_branch
sample_5,4710,N0221,2.232,6.921,right_branch
sample_5,4710,N0222,-2.681,5.021,left_branch
sample_5,4710,N0223,-0.215,0.901,left_branch
sample_5,4710,N0224,-2.332,8.524,left_branch
sample_5,4710,N0225,0.724,0.75,right_branch
sample_5,4710,N0226,3.236,10.679,right_branch
sample_5,4710,N0227,3.04,8.464,right_branch
sample_5,4710,N0228,-3.775,15.663,left_branch
sample_5,4710,N0229,3.168,9.669,right_branch
sample_5,4710,N0230,-3.313,11.397,left_branch
sample_5,4710,N0231,3.408,12.545,right_branch
sample_5,4710,N0232,-0.964,2.498,left_branch
sample_5,4710,N0233,-0.475,0.854,left_branch
sample_5,4710,N0234,-3.74,14.306,left_branch
sample_5,4710,N0235,-2.269,6.248,left_branch
sample_5,4710,N0236,-0.578,0.156,left_branch
sample_5,4710,N0237,3.585,11.947,right_branch
sample_5,4710,N0238,2.782,8.102,right_branch
sample_5,4710,N0239,-2.464,8.522,left_branch
sample_5,4710,N0240,0.344,-1.559,right_branch
sample_5,4710,N0241,1.017,1.278,right_branch
sample_5,4710,N0242,0.921,1.874,right_branch
sample_5,4710,N0243,-2.385,5.675,left_branch
sample_5,4710,N0244,-1.216,1.986,left_branch
sample_5,4710,N0245,-0.018,-0.52,left_branch
sample_5,4710,N0246,0.458,-0.497,right_branch
sample_5,4710,N0247,-3.211,10.484,left_branch
sample_5,4710,N0248,1.455,1.395,right_branch
sample_5,4710,N0249,-3.292,10.698,left_branch
sample_5,4710,N0250,-1.476,4.052,left_branch
sample_5,4710,N0251,-1.529,0.26,left_branch
sample_5,4710,N0252,-1.59,1.752,left_branch
sample_5,4710,N0253,3.544,12.096,right_branch
sample_5,4710,N0254,-1.894,2.974,left_branch
sample_5,4710,N0255,-2.064,2.267,left_branch
sample_5,4710,N0256,1.773,2.843,right_branch
sample_5,4710,N0257,3.754,13.223,right_branch
sample_5,4710,N0258,-2.251,3.25,left_branch
sample_5,4710,N0259,0.452,0.185,right_branch
sample_5,4710,N0260,-1.995,3.306,left_branch
sample_5,4710,N0261,7.5,2.0,outlier_group
sample_5,4710,N0262,8.0,1.0,outlier_group
sample_5,4710,N0263,8.5,3.0,outlier_group
sample_5,4710,N0264,9.0,2.5,outlier_group
